,Revenues_$M,Profits_$M,Assets_$M,Total_Stockholder_Equity_$M,Profit_as_%_of_Revenues,Profits_as_%_of_Assets,Profits_as_%_of_Stockholder_Equity,company
0,"$514,405.00","$6,670.00","$219,295.00","$72,496.00",1.3%,3%,9.2%,Walmart
1,"$414,649.90","$5,845.00","$329,186.30","$105,181.50",1.4%,1.8%,5.6%,Sinopec Group
2,"$396,556.00","$23,352.00","$399,194.00","$198,646.00",5.9%,5.8%,11.8%,Royal Dutch Shell
3,"$392,976.60","$2,270.50","$601,899.90","$291,198.60",0.6%,0.4%,0.8%,China National Petroleum
4,"$387,056.00","$8,174.80","$572,309.50","$240,041.50",2.1%,1.4%,3.4%,State Grid
5,"$355,905.00","$110,974.50","$358,872.90","$271,062.40",31.2%,30.9%,40.9%,Saudi Aramco
6,"$303,738.00","$9,383.00","$282,176.00","$99,444.00",3.1%,3.3%,9.4%,BP
7,"$290,212.00","$20,840.00","$346,196.00","$191,794.00",7.2%,6%,10.9%,Exxon Mobil
8,"$278,341.50","$14,322.50","$523,672.30","$133,864.70",5.1%,2.7%,10.7%,Volkswagen
9,"$272,612.00","$16,982.00","$469,295.60","$174,827.40",6.2%,3.6%,9.7%,Toyota Motor
10,"$265,595.00","$59,531.00","$365,725.00","$107,147.00",22.4%,16.3%,55.6%,Apple
11,"$247,837.00","$4,021.00","$707,794.00","$348,703.00",1.6%,0.6%,1.2%,Berkshire Hathaway
12,"$232,887.00","$10,073.00","$162,648.00","$43,549.00",4.3%,6.2%,23.1%,Amazon.com
13,"$226,247.00","$11,986.00","$152,221.00","$51,696.00",5.3%,7.9%,23.2%,UnitedHealth Group
14,"$221,579.40","$39,895.20","$304,165.30","$215,173.40",18%,13.1%,18.5%,Samsung Electronics
15,"$219,754.00","$3,408.00","$128,672.00","$45,738.00",1.6%,2.6%,7.5%,Glencore
16,"$214,319.00",$34,"$59,672.00","$8,094.00",-,0.1%,0.4%,McKesson
17,"$197,515.30","$8,555.00","$321,890.50","$73,914.40",4.3%,2.7%,11.6%,Daimler
18,"$194,579.00",$-594,"$196,456.00","$58,225.00",-0.3%,-0.3%,-1%,CVS Health
19,"$184,106.00","$11,446.00","$256,762.00","$115,640.00",6.2%,4.5%,9.9%,Total
20,"$181,524.50","$3,159.50","$272,768.80","$18,747.30",1.7%,1.2%,16.9%,China State Construction Engineering
21,"$180,744.10",$849.2,"$53,801.00","$5,921.40",0.5%,1.6%,14.3%,Trafigura Group
22,"$175,617.00","$4,281.60","$110,012.90","$39,428.60",2.4%,3.9%,10.9%,Hon Hai Precision Industry
23,"$175,009.50","$1,589.70","$190,052.30","$13,956.00",0.9%,0.8%,11.4%,EXOR Group
24,"$170,756.00","$19,370.00","$531,864.00","$184,089.00",11.3%,3.6%,10.5%,AT&T
25,"$168,979.00","$45,002.30","$4,034,481.60","$339,368.30",26.6%,1.1%,13.3%,Industrial & Commercial Bank of China
26,"$167,939.60","$1,658.40","$37,669.80","$2,932.80",1%,4.4%,56.5%,AmerisourceBergen
27,"$166,339.00","$14,824.00","$253,863.00","$154,554.00",8.9%,5.8%,9.6%,Chevron
28,"$163,597.40","$16,237.20","$1,040,383.40","$81,056.30",9.9%,1.6%,20%,Ping An Insurance
29,"$160,338.00","$3,677.00","$256,540.00","$35,932.00",2.3%,1.4%,10.2%,Ford Motor
30,"$151,110.80","$38,498.40","$3,382,421.70","$287,874.90",25.5%,1.1%,13.4%,China Construction Bank
31,"$147,049.00","$8,014.00","$227,339.00","$38,860.00",5.4%,3.5%,20.6%,General Motors
32,"$145,243.30","$5,328.00","$149,388.30","$51,470.60",3.7%,3.6%,10.4%,Mitsubishi
33,"$143,302.90","$5,504.60","$184,504.60","$74,706.10",3.8%,3%,7.4%,Honda Motor
34,"$141,576.00","$3,134.00","$40,830.00","$12,799.00",2.2%,7.7%,24.5%,Costco Wholesale
35,"$139,523.60","$30,656.50","$3,293,105.00","$243,280.90",22%,0.9%,12.6%,Agricultural Bank of China
36,"$136,819.00","$30,736.00","$232,792.00","$177,628.00",22.5%,13.2%,17.3%,Alphabet
37,"$136,809.00",$256,"$39,951.00","$6,059.00",0.2%,0.6%,4.2%,Cardinal Health
38,"$136,392.50","$5,443.80","$114,011.70","$34,136.10",4%,4.8%,15.9%,SAIC Motor
39,"$131,537.00","$5,024.00","$68,124.00","$26,007.00",3.8%,7.4%,19.3%,Walgreens Boots Alliance
40,"$131,412.00","$32,474.00","$2,622,532.00","$256,515.00",24.7%,1.2%,12.7%,JPMorgan Chase & Co.
41,"$131,302.00","$23,199.10","$300,354.80","$191,957.50",17.7%,7.7%,12.1%,Gazprom
42,"$130,863.00","$15,528.00","$264,829.00","$53,145.00",11.9%,5.9%,29.2%,Verizon Communications
43,"$127,714.10","$27,225.20","$3,097,612.00","$234,933.10",21.3%,0.9%,11.6%,Bank of China
44,"$126,799.60","$8,806.40","$1,025,919.10","$69,988.20",6.9%,0.9%,12.6%,Allianz
45,"$125,578.20","$2,525.60","$1,063,784.40","$71,355.20",2%,0.2%,3.5%,AXA
46,"$121,162.00","$3,110.00","$38,118.00","$7,886.00",2.6%,8.2%,39.4%,Kroger
47,"$120,268.00","$-22,355.00","$309,129.00","$30,981.00",-18.6%,-7.2%,-72.2%,General Electric
48,"$120,101.00","$15,959.00","$3,418,318.00","$6,240.00",13.3%,0.5%,255.8%,Fannie Mae
49,"$119,145.00","$9,863.70","$82,734.80","$58,677.80",8.3%,11.9%,16.8%,Lukoil
50,"$116,171.50","$-2,566.90","$580,331.60","$10,762.40",-2.2%,-0.4%,-23.9%,China Life Insurance
51,"$115,220.50","$4,324.00","$2,585,802.00","$95,812.00",3.8%,0.2%,4.5%,Japan Post Holdings
52,"$115,042.80","$8,399.30","$238,864.10","$65,789.90",7.3%,3.5%,12.8%,BMW Group
53,"$114,217.00","$5,595.00","$54,302.00","$24,653.00",4.9%,10.3%,22.7%,Phillips 66
54,"$112,132.70","$1,240.90","$137,914.20","$12,529.10",1.1%,0.9%,9.9%,China Railway Engineering Group
55,"$112,096.00","$11,745.30","$255,216.60","$143,530.50",10.5%,4.6%,8.2%,China Mobile Communications
56,"$111,407.00","$3,122.00","$50,155.00","$21,667.00",2.8%,6.2%,14.4%,Valero Energy
57,"$110,584.00","$28,147.00","$2,354,507.00","$265,325.00",25.5%,1.2%,10.6%,Bank of America Corp.
58,"$110,455.90","$1,186.90","$134,180.20","$11,312.70",1.1%,0.9%,10.5%,China Railway Construction
59,"$110,360.00","$16,571.00","$258,848.00","$82,718.00",15%,6.4%,20%,Microsoft
60,"$109,030.40","$8,953.90","$96,973.70","$33,887.00",8.2%,9.2%,26.4%,Huawei Investment & Holding
61,"$108,203.00","$11,121.00","$44,003.00","$-1,878.00",10.3%,25.3%,-,Home Depot
62,"$108,130.40","$7,331.10","$177,193.60","$77,493.20",6.8%,4.1%,9.5%,China National Offshore Oil
63,"$107,146.90","$7,707.50","$201,456.10","$83,716.60",7.2%,3.8%,9.2%,Nippon Telegraph & Telephone
64,"$104,627.30","$4,514.30","$91,250.60","$26,537.50",4.3%,4.9%,17%,Itochu
65,"$104,390.60","$2,878.40","$171,251.00","$56,411.10",2.8%,1.7%,5.1%,Nissan Motor
66,"$103,072.90","$16,744.30","$2,356,616.20","$186,139.90",16.2%,0.7%,9%,China Development Bank
67,"$101,127.00","$10,460.00","$117,359.00",$339,10.3%,8.9%,3085.50%,Boeing
68,"$101,060.00","$22,393.00","$1,895,883.00","$196,166.00",22.2%,1.2%,11.4%,Wells Fargo
69,"$98,802.00","$6,908.90","$161,335.90","$52,813.50",7%,4.3%,13.1%,Siemens
70,"$97,120.00","$18,045.00","$1,917,383.00","$196,220.00",18.6%,0.9%,9.2%,Citigroup
71,"$97,102.00","$2,780.00","$92,940.00","$35,175.00",2.9%,3%,7.9%,Marathon Petroleum
72,"$95,904.50","$2,048.00","$107,069.10","$14,903.20",2.1%,1.9%,13.7%,SK Holdings
73,"$95,584.00","$7,173.00","$222,068.00","$71,544.00",7.5%,3.2%,10%,Petrobras
74,"$94,507.00","$11,731.00","$251,684.00","$71,613.00",12.4%,4.7%,16.4%,Comcast
75,"$93,512.50","$10,364.80","$139,045.10","$58,212.90",11.1%,7.5%,17.8%,Nestlé
76,"$92,601.90","$3,596.00","$95,616.50","$42,517.30",3.9%,3.8%,8.5%,Bosch Group
77,"$92,260.80",$-533.4,"$57,841.50","$12,513.60",-0.6%,-0.9%,-4.3%,Uniper
78,"$92,105.00","$3,750.00","$71,571.00","$28,541.00",4.1%,5.2%,13.1%,Anthem
79,"$91,986.00","$3,474.60","$209,651.50","$28,198.80",3.8%,1.7%,12.3%,China Resources
80,"$91,955.20",$-662.1,"$54,153.10","$10,480.20",-0.7%,-1.2%,-6.3%,Carrefour
81,"$90,934.20","$1,599.70","$66,397.10","$13,446.30",1.8%,2.4%,11.9%,Dongfeng Motor
82,"$90,799.80","$4,869.40","$135,300.30","$58,311.30",5.4%,3.6%,8.4%,ENI
83,"$90,621.00","$-2,310.00","$111,820.00","$-5,765.00",-2.5%,-2.1%,-,Dell Technologies
84,"$90,531.90","$9,217.10","$1,667,946.80","$110,267.50",10.2%,0.6%,8.4%,Banco Santander
85,"$90,055.00","$8,745.80","$189,980.10","$58,496.50",9.7%,4.6%,15%,Rosneft Oil
86,"$89,804.70","$2,660.30","$66,682.90","$26,822.70",3%,4%,9.9%,China FAW Group
87,"$89,358.10",$701.4,"$71,332.70","$7,449.80",0.8%,1%,9.4%,Sinochem Group
88,"$89,305.70","$5,651.80","$189,079.60","$36,256.00",6.3%,3%,15.6%,Enel
89,"$89,286.80","$2,556.20","$166,163.60","$35,326.70",2.9%,1.5%,7.2%,Deutsche Telekom
90,"$88,325.00","$5,192.70","$1,856,682.30","$67,221.00",5.9%,0.3%,7.7%,Crédit Agricole
91,"$88,157.40","$2,725.00","$589,590.30","$26,975.90",3.1%,0.5%,10.1%,Assicurazioni Generali
92,"$88,140.90","$1,585.20","$198,943.70","$17,186.30",1.8%,0.8%,9.2%,China Communications Construction
93,"$87,999.20","$1,370.80","$161,921.40","$60,925.00",1.6%,0.8%,2.3%,Hyundai Motor
94,"$87,403.30","$-9,377.90","$105,384.40","$-74,136.90",-10.7%,-8.9%,-,Pemex
95,"$87,364.30","$3,336.30","$70,811.10","$19,528.20",3.8%,4.7%,17.1%,Peugeot
96,"$86,622.60","$3,390.90","$58,175.00","$26,482.50",3.9%,5.8%,12.8%,Pacific Construction Group
97,"$86,604.70","$12,727.90","$326,163.20","$68,866.70",14.7%,3.9%,18.5%,SoftBank Group
98,"$86,131.00","$13,727.00","$2,558,124.00","$186,253.00",15.9%,0.5%,7.4%,HSBC Holdings
99,"$85,977.00","$3,844.00","$188,030.00","$94,571.00",4.5%,2%,4.1%,DuPont
100,"$85,627.90","$4,133.60","$1,429,122.30","$51,125.20",4.8%,0.3%,8.1%,China Post Group
101,"$85,507.80","$2,007.20","$86,984.70","$29,480.50",2.3%,2.3%,6.8%,Hitachi
102,"$84,270.60","$1,743.10","$65,227.60","$19,759.70",2.1%,2.7%,8.8%,Tesco
103,"$83,973.70","$8,881.90","$2,332,675.50","$115,976.80",10.6%,0.4%,7.7%,BNP Paribas
104,"$82,733.30","$2,907.10","$76,604.40","$24,558.10",3.5%,3.8%,11.8%,JXTG Holdings
105,"$82,331.20","$5,660.80","$144,715.20","$55,886.50",6.9%,3.9%,10.1%,Reliance Industries
106,"$81,977.70","$3,531.40","$259,644.40","$58,079.70",4.3%,1.4%,6.1%,China Energy Investment
107,"$81,732.20","$8,788.40","$272,518.40","$100,877.70",10.8%,3.2%,8.7%,State Farm Insurance Cos.
108,"$81,581.00","$15,297.00","$152,954.00","$59,752.00",18.8%,10%,25.6%,Johnson & Johnson
109,"$81,403.30","$1,389.10","$323,662.20","$50,828.10",1.7%,0.4%,2.7%,Electricité de France
110,"$80,963.60","$1,782.40","$118,705.60","$45,921.30",2.2%,1.5%,3.9%,China Southern Power Grid
111,"$80,076.40",$-373.6,"$130,626.80","$6,622.80",-0.5%,-0.3%,-5.6%,China Minmetals
112,"$79,593.00","$7,535.00","$112,508.00","$42,970.00",9.5%,6.7%,17.5%,Equinor
113,"$79,591.00","$8,728.00","$123,382.00","$16,796.00",11%,7.1%,52%,International Business Machines
114,"$78,798.70","$5,555.10","$98,933.50","$40,066.70",7%,5.6%,13.9%,BASF
115,"$78,157.70","$8,264.00","$189,586.90","$33,851.80",10.6%,4.4%,24.4%,Sony
116,"$77,587.00","$2,484.70","$48,385.60","$16,236.90",3.2%,5.1%,15.3%,Indian Oil
117,"$77,122.50",$214,"$90,293.60","$9,411.40",0.3%,0.2%,2.3%,AEON
118,"$76,363.10","$1,483.00","$21,240.60","$12,950.70",1.9%,7%,11.5%,Amer International Group
119,"$76,033.00","$5,149.00","$91,249.00","$42,086.00",6.8%,5.6%,12.2%,ArcelorMittal
120,"$75,377.30","$1,952.00","$150,259.30","$22,292.40",2.6%,1.3%,8.8%,People’s Insurance Co. of China
121,"$75,356.00","$2,937.00","$41,290.00","$11,297.00",3.9%,7.1%,26%,Target
122,"$75,185.00","$3,604.20","$131,671.30","$11,114.50",4.8%,2.7%,32.4%,Airbus
123,"$75,000.90","$2,448.80","$57,687.20","$15,533.40",3.3%,4.2%,15.8%,Deutsche Post DHL Group
124,"$74,202.30","$2,514.50","$712,112.70","$17,892.90",3.4%,0.4%,14.1%,Nippon Life Insurance
125,"$74,144.10","$1,219.10","$175,681.40","$40,634.80",1.6%,0.7%,3%,Engie
126,"$74,103.90","$2,116.00","$38,097.30","$16,934.70",2.9%,5.6%,12.5%,Royal Ahold Delhaize
127,"$73,598.00","$9,235.00","$2,063,060.00","$4,477.00",12.5%,0.4%,206.3%,Freddie Mac
128,"$72,677.40","$1,097.70","$66,789.50","$10,811.30",1.5%,1.6%,10.2%,Beijing Automotive Group
129,"$72,307.20","$3,704.40","$72,348.40","$26,878.10",5.1%,5.1%,13.8%,PTT
130,"$72,178.40","$2,562.80","$54,341.10","$17,290.30",3.6%,4.7%,14.8%,Panasonic
131,"$71,861.00","$4,791.00","$50,016.00","$3,021.00",6.7%,9.6%,158.6%,United Parcel Service
132,"$71,309.00","$2,314.00","$34,508.00","$3,644.00",3.2%,6.7%,63.5%,Lowe’s
133,"$71,223.30",$337.8,"$81,657.40","$11,879.00",0.5%,0.4%,2.8%,COFCO
134,"$70,848.00","$21,053.00","$127,963.00","$74,563.00",29.7%,16.5%,28.2%,Intel
135,"$70,660.00","$-3,913.00","$26,688.00","$-62,637.00",-5.5%,-14.7%,-,U.S. Postal Service
136,"$70,659.00","$4,566.00","$986,297.00","$48,767.20",6.5%,0.5%,9.4%,CITIC Group
137,"$70,478.90","$5,652.60","$273,829.00","$19,370.90",8%,2.1%,29.2%,China Evergrande Group
138,"$69,847.60",$-376.7,"$30,465.20","$8,705.70",-0.5%,-1.2%,-4.3%,JD.com
139,"$68,777.70",$966.4,"$57,675.40","$15,179.90",1.4%,1.7%,6.4%,China North Industries Group
140,"$68,709.50","$1,664.60","$122,945.90","$53,533.10",2.4%,1.4%,3.1%,China Telecommunications
141,"$67,941.00","$5,123.00","$687,538.00","$52,741.00",7.5%,0.7%,9.7%,MetLife
142,"$67,764.10","$3,896.90","$131,440.40","$40,629.10",5.8%,3%,9.6%,Renault
143,"$67,397.50","$-2,207.60","$116,353.60",$355.5,-3.3%,-1.9%,-621%,ChemChina
144,"$67,225.90","$2,726.20","$308,802.00","$30,139.80",4.1%,0.9%,9%,Munich Re Group
145,"$66,832.00","$9,750.00","$118,310.00","$52,293.00",14.6%,8.2%,18.6%,Procter & Gamble
146,"$66,753.50","$2,082.50","$61,526.00","$17,870.60",3.1%,3.4%,11.7%,Marubeni
147,"$66,501.00","$5,269.00","$134,211.00","$38,446.00",7.9%,3.9%,13.7%,United Technologies
148,"$66,310.00","$2,168.20","$103,676.10","$36,645.70",3.3%,2.1%,5.9%,China Baowu Steel Group
149,"$65,644.80","$11,131.30","$1,388,230.00","$101,723.80",17%,0.8%,10.9%,Bank of Communications
150,"$65,534.40",$695,"$138,082.70","$26,644.30",1.1%,0.5%,2.6%,Aviation Industry Corp. of China
151,"$65,450.00","$4,572.00","$52,330.00","$19,416.00",7%,8.7%,23.5%,FedEx
152,"$64,794.90","$2,029.60","$505,478.10","$15,440.60",3.1%,0.4%,13.1%,Dai-ichi Life Holdings
153,"$64,661.00","$12,515.00","$77,648.00","$14,518.00",19.4%,16.1%,86.2%,PepsiCo
154,"$64,341.00","$1,810.00","$40,833.00","$18,981.00",2.8%,4.4%,9.5%,Archer Daniels Midland
155,"$62,992.00","$4,074.00","$815,078.00","$48,617.00",6.5%,0.5%,8.4%,Prudential Financial
156,"$62,751.40","$3,735.90","$107,940.50","$38,521.40",6%,3.5%,9.7%,Mitsui
157,"$62,230.60","$11,868.30","$154,071.20","$92,123.70",19.1%,7.7%,12.9%,Petronas
158,"$61,486.50","$1,838.00","$52,069.20","$22,199.50",3%,3.5%,8.3%,Seven & I Holdings
159,"$61,420.40","$4,360.60","$71,563.40","$31,492.50",7.1%,6.1%,13.8%,Oil & Natural Gas
160,"$61,224.00",$803.8,"$123,815.20","$11,531.20",1.3%,0.6%,7%,PowerChina
161,"$60,994.30","$1,196.10","$40,132.50","$10,805.30",2%,3%,11.1%,Toyota Tsusho
162,"$60,846.20","$10,738.10","$79,680.30","$28,031.30",17.6%,13.5%,38.3%,Roche Group
163,"$60,749.20","$-1,351.30","$41,073.70","$9,074.30",-2.2%,-3.3%,-14.9%,Auchan Holding
164,"$60,534.50",$131.1,"$20,776.60","$1,450.70",0.2%,0.6%,9%,Albertsons Cos.
165,"$60,405.30","$7,871.00","$2,811,411.40","$120,178.50",13%,0.3%,6.5%,Mitsubishi UFJ Financial Group
166,"$60,167.30","$11,080.60","$67,958.20","$13,226.80",18.4%,16.3%,83.8%,Unilever
167,"$60,116.00",$900,"$30,901.00","$10,917.00",1.5%,2.9%,8.2%,Centene
168,"$59,980.20",$884.4,"$49,823.40","$8,499.20",1.5%,1.8%,10.4%,Sinopharm
169,"$59,434.00","$12,598.00","$98,598.00","$48,773.00",21.2%,12.8%,25.8%,Walt Disney
170,"$59,223.20","$1,556.10","$70,607.70","$38,832.40",2.6%,2.2%,4%,POSCO
171,"$58,727.30","$1,430.80","$18,070.40","$2,507.00",2.4%,7.9%,57.1%,Sysco
172,"$58,472.00","$5,327.00","$34,622.00",$-639,9.1%,15.4%,-,HP
173,"$58,390.00","$4,560.20","$1,496,676.20","$69,752.70",7.8%,0.3%,6.5%,Société Générale
174,"$57,933.60","$2,526.80","$64,718.50","$27,598.70",4.4%,3.9%,9.2%,Pertamina
175,"$57,465.90","$3,931.10","$130,355.70","$20,513.40",6.8%,3%,19.2%,Telefónica
176,"$57,308.70","$5,233.50","$237,367.50","$17,671.90",9.1%,2.2%,29.6%,Country Garden Holdings
177,"$57,167.40","$2,096.10","$115,274.20","$26,110.10",3.7%,1.8%,8%,Tokyo Electric Power
178,"$56,912.00","$1,683.00","$25,413.00","$10,161.00",3%,6.6%,16.6%,Humana
179,"$56,771.00","$3,584.00","$256,281.00","$29,815.00",6.3%,1.4%,12%,Brookfield Asset Management
180,"$56,198.60",$582.9,"$22,400.30","$4,077.70",1%,2.6%,14.3%,Hengli Group
181,"$56,147.20","$13,094.40","$143,608.20","$73,250.30",23.3%,9.1%,17.9%,Alibaba Group Holding
182,"$56,016.70",$465,"$91,563.40","$11,059.70",0.8%,0.5%,4.2%,RWE
183,"$55,838.00","$22,112.00","$97,334.00","$84,127.00",39.6%,22.7%,26.3%,Facebook
184,"$55,757.40","$1,127.20","$39,731.50","$12,775.20",2%,2.8%,8.8%,LG Electronics
185,"$55,720.20","$2,265.30","$72,734.50","$29,193.00",4.1%,3.1%,7.8%,Nippon Steel Corporation
186,"$55,262.60","$3,037.80","$88,320.80","$16,276.30",5.5%,3.4%,18.7%,Christian Dior
187,"$55,063.50","$12,179.00","$982,526.00","$78,669.00",22.1%,1.2%,15.5%,China Merchants Bank
188,"$55,037.20",$885.5,"$42,549.70","$6,205.30",1.6%,2.1%,14.3%,Guangzhou Automobile Industry Group
189,"$54,722.00","$6,147.00","$78,509.00","$14,039.00",11.2%,7.8%,43.8%,Caterpillar
190,"$54,662.50","$6,814.80","$400,690.80","$35,295.80",12.5%,1.7%,19.3%,Itaú Unibanco Holding
191,"$54,619.00","$4,368.00","$232,103.00","$64,486.00",8%,1.9%,6.8%,Anheuser-Busch InBev
192,"$54,567.90","$-1,194.90","$166,038.40","$62,511.40",-2.2%,-0.7%,-1.9%,Korea Electric Power
193,"$54,436.00","$1,694.00","$88,246.00","$20,559.00",3.1%,1.9%,8.2%,Energy Transfer
194,"$53,985.30",$927.4,"$27,282.40","$16,808.40",1.7%,3.4%,5.5%,Wesfarmers
195,"$53,977.60","$2,733.00","$72,580.00","$9,953.20",5.1%,3.8%,27.5%,América Móvil
196,"$53,762.00","$5,046.00","$44,876.00","$1,394.00",9.4%,11.2%,362%,Lockheed Martin
197,"$53,647.00","$11,153.00","$159,422.00","$63,407.00",20.8%,7%,17.6%,Pfizer
198,"$53,572.10","$2,724.10","$194,584.50","$21,786.00",5.1%,1.4%,12.5%,China Pacific Insurance (Group)
199,"$53,176.00","$2,762.80","$69,469.30","$35,007.80",5.2%,4%,7.9%,Repsol
200,"$53,166.00","$12,611.00","$145,563.00","$78,614.00",23.7%,8.7%,16%,Novartis
201,"$52,720.90","$1,719.60","$150,974.50","$10,210.80",3.3%,1.1%,16.8%,Greenland Holding Group
202,"$52,610.60",$69.4,"$84,608.20","$5,957.30",0.1%,0.1%,1.2%,China National Building Material Group
203,"$52,528.00","$10,459.00","$931,796.00","$90,185.00",19.9%,1.1%,11.6%,Goldman Sachs Group
204,"$52,404.70","$3,419.30","$46,229.10","$20,403.00",6.5%,7.4%,16.8%,Continental
205,"$52,345.20","$3,520.40","$86,133.10","$21,928.50",6.7%,4.1%,16.1%,Vinci
206,"$52,272.00",$-208.9,"$45,172.50",$280,-0.4%,-0.5%,-74.6%,Finatis
207,"$52,004.10",$623.1,"$66,896.40","$15,356.20",1.2%,0.9%,4.1%,Deutsche Bahn
208,"$51,728.00","$6,554.10","$1,840,238.10","$81,814.70",12.7%,0.4%,8%,Sumitomo Mitsui Financial Group
209,"$51,394.40","$1,673.60","$23,140.60","$7,563.40",3.3%,7.2%,22.1%,Alimentation Couche-Tard
210,"$51,245.60",$573,"$43,756.60","$9,385.60",1.1%,1.3%,6.1%,Shandong Energy Group
211,"$51,037.90",$596.3,"$29,988.50","$3,396.50",1.2%,2%,17.6%,Lenovo Group
212,"$50,991.40","$9,164.50","$977,563.40","$67,866.80",18%,0.9%,13.5%,Industrial Bank
213,"$50,920.60",$-77.8,"$63,725.20","$10,247.70",-0.2%,-0.1%,-0.8%,HBIS Group
214,"$50,856.10",$9.5,"$39,334.30","$3,257.70",-,-,0.3%,ThyssenKrupp
215,"$50,545.70","$8,453.00","$916,091.00","$68,683.70",16.7%,0.9%,12.3%,Shanghai Pudong Development Bank
216,"$50,532.40","$-9,281.10","$160,391.20","$69,852.10",-18.4%,-5.8%,-13.3%,Vodafone Group
217,"$50,193.00","$8,748.00","$853,531.00","$80,246.00",17.4%,1%,10.9%,Morgan Stanley
218,"$49,709.70",$6.9,"$29,454.70","$6,618.10",-,-,0.1%,JBS
219,"$49,665.40","$1,969.30","$48,564.80","$8,418.20",4%,4.1%,23.4%,Zhejiang Geely Holding Group
220,"$49,612.30","$4,537.50","$336,888.40","$32,068.60",9.1%,1.3%,14.1%,Banco Bradesco
221,"$49,609.60","$1,738.00","$209,022.70","$14,303.90",3.5%,0.8%,12.2%,MS&AD Insurance Group Holdings
222,"$49,529.30","$3,571.20","$1,456,097.40","$75,659.70",7.2%,0.2%,4.7%,Groupe BPCE
223,"$49,395.70","$2,476.50","$203,590.90","$16,932.20",5%,1.2%,14.6%,Tokio Marine Holdings
224,"$49,330.00",$110,"$108,784.00","$43,204.00",0.2%,0.1%,0.3%,Cisco Systems
225,"$49,300.40",$495.7,"$50,340.00","$20,495.10",1%,1%,2.4%,Saint-Gobain
226,"$49,238.40","$1,050.70","$46,416.20","$24,418.30",2.1%,2.3%,4.3%,Kia Motors
227,"$48,836.50","$2,306.00","$110,404.70","$35,054.70",4.7%,2.1%,6.6%,Orange
228,"$48,650.00","$2,637.00","$153,226.00","$41,028.00",5.4%,1.7%,6.4%,Cigna
229,"$48,368.00","$2,295.60","$52,339.50","$32,490.20",4.7%,4.4%,7.1%,Denso
230,"$48,155.70","$2,890.90","$71,532.70","$25,042.80",6%,4%,11.5%,Sumitomo
231,"$47,981.30","$7,608.40","$873,155.30","$61,184.40",15.9%,0.9%,12.4%,China Minsheng Banking
232,"$47,842.10","$1,335.70","$17,402.30","$7,742.30",2.8%,7.7%,17.3%,Woolworths Group
233,"$47,608.00","$6,283.20","$773,455.50","$53,846.70",13.2%,0.8%,11.7%,Banco Bilbao Vizcaya Argentaria
234,"$47,389.00",$-6,"$491,984.00","$56,361.00",-,-,-,American International Group
235,"$47,286.00",$328.8,"$561,369.60","$33,853.60",0.7%,0.1%,1%,State Bank of India
236,"$47,272.70","$11,900.60","$105,382.00","$47,119.70",25.2%,11.3%,25.3%,Tencent Holdings
237,"$47,180.00","$3,716.00","$395,342.00","$30,189.00",7.9%,0.9%,12.3%,Zurich Insurance Group
238,"$46,969.50",$315.1,"$1,540,920.60","$71,431.80",0.7%,-,0.4%,Deutsche Bank
239,"$46,718.10","$2,000.40","$144,343.80","$52,551.70",4.3%,1.4%,3.8%,Bayer
240,"$46,677.00","$3,787.00","$39,207.00","$-4,950.00",8.1%,9.7%,-,HCA Healthcare
241,"$46,207.10","$1,495.90","$158,364.30","$10,773.60",3.2%,0.9%,13.9%,China Poly Group
242,"$46,114.40",$930.2,"$73,372.60","$20,844.00",2%,1.3%,4.5%,China Shipbuilding Industry
243,"$45,925.70","$4,468.70","$203,620.60","$46,044.20",9.7%,2.2%,9.7%,China Merchants Group
244,"$45,820.80","$5,570.90","$66,236.70","$37,801.50",12.2%,8.4%,14.7%,KDDI
245,"$45,809.00","$3,705.00","$111,993.00","$55,592.00",8.1%,3.3%,6.7%,BHP Group
246,"$45,743.00",$267,"$19,425.00","$6,173.00",0.6%,1.4%,4.3%,Bunge
247,"$45,461.30","$1,612.90","$474,944.30","$20,323.20",3.5%,0.3%,7.9%,CNP Assurances
248,"$45,435.00",$362.4,"$12,533.70","$3,476.40",0.8%,2.9%,10.4%,Wuchan Zhongda Group
249,"$45,424.00",$487.8,"$57,450.70","$9,824.70",1.1%,0.8%,5%,Sinomach
250,"$45,383.80",$112.7,"$93,408.30","$16,799.80",0.2%,0.1%,0.7%,Aluminum Corp. of China
251,"$45,096.40","$5,738.30","$85,231.20","$46,142.30",12.7%,6.7%,12.4%,SABIC
252,"$44,957.00","$2,863.90","$53,558.60","$13,921.50",6.4%,5.3%,20.6%,Volvo
253,"$44,912.60","$5,105.70","$222,652.20","$22,687.30",11.4%,2.3%,22.5%,China Vanke
254,"$44,898.40","$13,268.50","$450,270.00","$55,595.50",29.6%,2.9%,23.9%,Sberbank
255,"$44,609.30","$9,635.80","$1,016,475.50","$60,818.70",21.6%,0.9%,15.8%,Royal Bank of Canada
256,"$44,541.00","$1,412.00","$60,580.00",$-169,3.2%,2.3%,-,American Airlines Group
257,"$44,497.70","$1,128.00","$45,679.90","$16,048.80",2.5%,2.5%,7%,Wilmar International
258,"$44,453.30",$368.7,"$19,011.90","$4,881.20",0.8%,1.9%,7.6%,Pegatron
259,"$44,438.00","$3,935.00","$60,266.00","$13,687.00",8.9%,6.5%,28.7%,Delta Air Lines
260,"$44,303.00",$425.8,"$151,966.10","$3,751.40",1%,0.3%,11.3%,Hanwha
261,"$43,974.40",$616.9,"$78,908.50","$20,412.20",1.4%,0.8%,3%,China United Network Communications
262,"$43,858.10",$306.5,"$53,958.10","$17,505.40",0.7%,0.6%,1.8%,Shaanxi Yanchang Petroleum (Group)
263,"$43,634.00","$1,230.00","$146,130.00","$36,285.00",2.8%,0.8%,3.4%,Charter Communications
264,"$43,599.20","$-4,122.00","$44,349.00","$8,688.00",-9.5%,-9.3%,-47.4%,Tata Motors
265,"$43,582.40","$1,064.50","$30,897.60","$8,170.20",2.4%,3.4%,13%,ZF Friedrichshafen
266,"$43,425.30",$880,"$311,449.30","$21,006.50",2%,0.3%,4.2%,New York Life Insurance
267,"$43,332.90","$3,782.90","$360,361.10","$26,292.90",8.7%,1%,14.4%,Banco do Brasil
268,"$43,281.00","$6,921.00","$188,602.00","$22,290.00",16%,3.7%,31%,American Express
269,"$43,270.00",$512.6,"$214,141.90","$14,478.10",1.2%,0.2%,3.5%,Nationwide
270,"$43,263.20","$1,079.90","$39,199.60","$5,015.80",2.5%,2.8%,21.5%,ACS
271,"$43,008.40",$852.6,"$35,359.20","$10,256.00",2%,2.4%,8.3%,Shandong Weiqiao Pioneering Group
272,"$42,960.00","$4,516.00","$958,489.00","$52,928.00",10.5%,0.5%,8.5%,UBS Group
273,"$42,935.60","$1,115.70","$19,768.30","$5,596.40",2.6%,5.6%,19.9%,Bharat Petroleum
274,"$42,879.00","$1,464.00","$12,901.00","$3,306.00",3.4%,11.3%,44.3%,Best Buy
275,"$42,726.30",$631.3,"$36,868.00","$6,224.40",1.5%,1.7%,10.1%,Xiamen C&D
276,"$42,685.00","$2,160.00","$125,989.00","$20,735.00",5.1%,1.7%,10.4%,Liberty Mutual Insurance Group
277,"$42,607.70","$1,554.50","$117,702.00","$27,288.60",3.6%,1.3%,5.7%,China COSCO Shipping
278,"$42,527.00","$1,732.00","$86,258.00","$26,342.00",4.1%,2%,6.6%,Jardine Matheson
279,"$42,418.80",$90.8,"$72,966.00","$5,378.10",0.2%,0.1%,1.7%,Shaanxi Coal & Chemical Industry
280,"$42,390.50",$829.7,"$186,170.70","$9,959.00",2%,0.4%,8.3%,Talanx
281,"$42,370.90",$476.2,"$8,054.10","$2,996.20",1.1%,5.9%,15.9%,China National Aviation Fuel Group
282,"$42,302.00","$2,552.70","$43,677.50","$10,816.20",6%,5.8%,23.6%,Lufthansa Group
283,"$42,294.00","$6,220.00","$82,637.00","$26,701.00",14.7%,7.5%,23.3%,Merck
284,"$42,280.90",$8.9,"$156,327.20","$11,817.20",-,-,0.1%,China Huaneng Group
285,"$42,179.20","$1,547.20","$43,084.20","$11,116.80",3.7%,3.6%,13.9%,Bouygues
286,"$42,104.90","$5,081.80","$127,339.30","$67,295.30",12.1%,4%,7.6%,Sanofi
287,"$41,879.70","$1,890.80","$696,969.90","$19,192.10",4.5%,0.3%,9.9%,China Everbright Group
288,"$41,802.00","$6,765.00","$57,773.00","$18,180.00",16.2%,11.7%,37.2%,Honeywell International
289,"$41,437.50",$62.8,"$15,123.30","$1,259.90",0.2%,0.4%,5%,Xiamen ITG Holding Group
290,"$41,395.40","$3,557.10","$129,202.30","$41,813.50",8.6%,2.8%,8.5%,Iberdrola
291,"$41,303.00","$2,129.00","$44,792.00","$9,995.00",5.2%,4.8%,21.3%,United Airlines Holdings
292,"$41,256.00","$3,169.00","$56,636.00","$32,621.00",7.7%,5.6%,9.7%,Maersk Group
293,"$41,198.70","$8,751.50","$1,016,604.20","$60,198.80",21.2%,0.9%,14.5%,Toronto-Dominion Bank
294,"$41,108.50","$4,832.30","$73,941.20","$5,552.00",11.8%,6.5%,87%,GlaxoSmithKline
295,"$41,052.10","$1,560.50","$568,190.20","$38,126.30",3.8%,0.3%,4.1%,TIAA
296,"$40,993.00","$4,059.90","$24,449.10","$10,364.80",9.9%,16.6%,39.2%,Accenture
297,"$40,827.00","$2,296.00","$25,945.00","$10,701.00",5.6%,8.8%,21.5%,Magna International
298,"$40,766.10","$2,044.20","$39,362.20","$21,685.60",5%,5.2%,9.4%,Mitsubishi Electric
299,"$40,640.80",$844.7,"$20,932.80","$8,614.30",2.1%,4%,9.8%,Cedar Holdings Group
300,"$40,571.00",$355,"$18,440.00","$5,026.00",0.9%,1.9%,7.1%,Louis Dreyfus
301,"$40,522.00","$13,638.00","$90,949.00","$43,686.00",33.7%,15%,31.2%,Rio Tinto Group
302,"$40,454.20",$380,"$8,322.90","$2,132.20",0.9%,4.6%,17.8%,Edeka Zentrale
303,"$40,240.50","$2,833.30","$326,182.50","$20,964.00",7%,0.9%,13.5%,Caixa Econômica Federal
304,"$40,052.00","$3,024.00","$29,109.00","$12,803.00",7.6%,10.4%,23.6%,Tyson Foods
305,"$39,831.00","$3,825.00","$137,264.00","$45,726.00",9.6%,2.8%,8.4%,Oracle
306,"$39,815.00","$2,252.00","$112,249.00","$21,312.00",5.7%,2%,10.6%,Allstate
307,"$39,750.30",$127.7,"$5,676.90","$1,815.40",0.3%,2.2%,7%,World Fuel Services
308,"$39,598.20","$5,618.80","$1,011,101.20","$56,063.00",14.2%,0.6%,10%,ING Group
309,"$39,594.70",$244.1,"$26,177.30","$4,004.80",0.6%,0.9%,6.1%,Centrica
310,"$39,581.60","$3,058.50","$38,408.50","$12,099.60",7.7%,8%,25.3%,Midea Group
311,"$39,571.00","$2,392.20","$64,811.50","$17,614.80",6%,3.7%,13.6%,Fresenius
312,"$39,267.20",$397.9,"$265,812.60","$15,609.80",1%,0.1%,2.5%,Massachusetts Mutual Life Insurance
313,"$39,050.60","$4,779.70","$900,365.10","$61,739.10",12.2%,0.5%,7.7%,Intesa Sanpaolo
314,"$39,004.00","$4,688.00","$28,278.00","$10,257.00",12%,16.6%,45.7%,LyondellBasell Industries
315,"$38,972.90","$3,059.80","$14,326.00","$5,048.60",7.9%,21.4%,60.6%,TJX
316,"$38,887.30",$-258,"$44,774.80","$3,398.00",-0.7%,-0.6%,-7.6%,Yankuang Group
317,"$38,727.00","$6,257.00","$69,980.00","$31,939.00",16.2%,8.9%,19.6%,ConocoPhillips
318,"$38,278.30","$2,862.30","$1,443,122.60","$79,658.80",7.5%,0.2%,3.6%,Barclays
319,"$38,064.00",$287.4,"$30,669.20","$10,370.30",0.8%,0.9%,2.8%,J. Sainsbury
320,"$37,869.80","$1,846.40","$47,048.10","$18,100.80",4.9%,3.9%,10.2%,China Aerospace Science & Industry
321,"$37,727.60","$2,463.70","$63,496.80","$27,835.00",6.5%,3.9%,8.9%,China Aerospace Science & Technology
322,"$37,722.90","$2,070.60","$380,597.40","$12,917.60",5.5%,0.5%,16%,Meiji Yasuda Life Insurance
323,"$37,474.80",$442.9,"$32,084.10","$5,887.50",1.2%,1.4%,7.5%,George Weston
324,"$37,388.90","$5,313.10","$48,482.60","$10,687.10",14.2%,11%,49.7%,SNCF Mobilités
325,"$37,371.20","$2,141.50","$39,161.80","$13,833.60",5.7%,5.5%,15.5%,Daiwa House Industry
326,"$37,360.00","$2,173.00","$44,441.00","$13,952.00",5.8%,4.9%,15.6%,ABB
327,"$37,357.70","$2,368.40","$70,108.00","$11,287.80",6.3%,3.4%,21%,Deere
328,"$37,239.00",$340.6,"$12,986.60","$2,936.70",0.9%,2.6%,11.6%,Tech Data
329,"$37,112.20","$1,033.20","$331,211.90","$11,070.60",2.8%,0.3%,9.3%,Power Corp. of Canada
330,"$37,047.00",$462,"$207,570.00","$27,930.00",1.2%,0.2%,1.7%,Swiss Re
331,"$37,032.20","$2,014.80","$29,052.70","$11,785.70",5.4%,6.9%,17.1%,Suning.com Group
332,"$36,783.50",$914.1,"$46,469.00","$12,929.20",2.5%,2%,7.1%,Mitsubishi Heavy Industries
333,"$36,763.10","$14,125.40","$57,056.90","$41,987.70",38.4%,24.8%,33.6%,SK Hynix
334,"$36,696.00","$6,860.00","$88,190.00","$43,985.00",18.7%,7.8%,15.6%,Vale
335,"$36,534.20","$4,172.40","$56,969.80","$23,853.50",11.4%,7.3%,17.5%,Enterprise Products Partners
336,"$36,503.70",$199.3,"$16,891.80","$2,375.10",0.5%,1.2%,8.4%,XMXYG
337,"$36,465.70",$993.2,"$33,901.50","$12,170.40",2.7%,2.9%,8.2%,Aisin Seiki
338,"$36,440.90","$1,869.20","$33,173.70","$7,861.50",5.1%,5.6%,23.8%,Jiangsu Shagang Group
339,"$36,397.00","$1,933.00","$22,536.00","$9,812.00",5.3%,8.6%,19.7%,Nike
340,"$36,395.70","$2,381.20","$18,982.50","$14,958.30",6.5%,12.5%,15.9%,Publix Super Markets
341,"$36,193.00","$3,345.00","$45,408.00","$11,732.00",9.2%,7.4%,28.5%,General Dynamics
342,"$35,985.00","$2,010.00","$119,666.00","$30,764.00",5.6%,1.7%,6.5%,Exelon
343,"$35,796.90","$2,289.50","$44,662.40","$25,775.80",6.4%,5.1%,8.9%,Canon
344,"$35,785.00","$2,223.70","$122,221.00","$50,871.40",6.2%,1.8%,4.4%,Enbridge
345,"$35,721.30",$-152.8,"$33,772.30","$2,393.50",-0.4%,-0.5%,-6.4%,Jizhong Energy Group
346,"$35,703.60","$3,803.70","$62,092.30","$6,581.40",10.7%,6.1%,57.8%,E.ON
347,"$35,647.90",$943.1,"$28,055.00","$10,229.10",2.6%,3.4%,9.2%,Fujitsu
348,"$35,406.30",$870.9,"$1,814,332.90","$65,989.30",2.5%,-,1.3%,Mizuho Financial Group
349,"$35,386.40","$1,529.00","$50,352.50","$12,451.00",4.3%,3%,12.3%,Mitsubishi Chemical Holdings
350,"$35,361.20","$4,976.30","$157,392.80","$58,560.60",14.1%,3.2%,8.5%,CK Hutchison Holdings
351,"$35,251.90","$5,737.90","$1,015,661.30","$63,574.50",16.3%,0.6%,9%,Lloyds Banking Group
352,"$35,091.00",$734.6,"$26,116.40","$6,415.10",2.1%,2.8%,11.5%,Idemitsu Kosan
353,"$35,071.10","$1,651.10","$238,753.30","$9,264.00",4.7%,0.7%,17.8%,Poste Italiane
354,"$34,937.40","$1,474.70","$42,551.70","$17,731.40",4.2%,3.5%,8.3%,JFE Holdings
355,"$34,917.90","$1,612.30","$30,739.80","$13,397.90",4.6%,5.2%,12%,Suzuki Motor
356,"$34,870.00",$131.4,"$18,618.30","$3,245.60",0.4%,0.7%,4%,Jiangxi Copper
357,"$34,673.00",$486.6,"$58,038.30","$9,743.00",1.4%,0.8%,5%,CRRC Group
358,"$34,284.20","$2,069.90","$780,308.50","$44,572.80",6%,0.3%,4.6%,Credit Suisse Group
359,"$34,242.20",$578.6,"$8,522.60","$2,326.00",1.7%,6.8%,24.9%,Tsingshan Holding Group
360,"$34,229.20",$170.7,"$157,347.60","$10,799.10",0.5%,0.1%,1.6%,State Power Investment
361,"$34,218.20","$12,043.90","$67,999.50","$54,022.30",35.2%,17.7%,22.3%,Taiwan Semiconductor Manufacturing
362,"$34,176.50",$432.6,"$57,758.70","$5,089.20",1.3%,0.7%,8.5%,China Energy Engineering Group
363,"$34,102.60",$501.5,"$21,455.90","$4,388.90",1.5%,2.3%,11.4%,Quanta Computer
364,"$34,055.00",$334,"$26,830.00","$1,846.00",1%,1.2%,18.1%,Plains GP Holdings
365,"$33,895.80",$268.1,"$48,455.20","$9,046.80",0.8%,0.6%,3%,China South Industries Group
366,"$33,394.80",$613.6,"$51,585.30","$3,065.30",1.8%,1.2%,20%,Yango Longking Group
367,"$33,391.60",$234,"$16,925.30","$4,771.30",0.7%,1.4%,4.9%,Jinchuan Group
368,"$33,323.80","$1,755.20","$51,672.90","$20,585.10",5.3%,3.4%,8.5%,China Electronics Technology Group
369,"$33,312.80","$9,138.80","$38,830.30","$13,162.20",27.4%,23.5%,69.4%,Toshiba
370,"$33,252.60","$4,014.70","$647,708.50","$21,964.90",12.1%,0.6%,18.3%,Prudential
371,"$33,186.30","$7,228.00","$720,354.40","$49,718.90",21.8%,1%,14.5%,Commonwealth Bank of Australia
372,"$33,062.90","$2,641.70","$35,220.60","$23,504.50",8%,7.5%,11.2%,Bridgestone
373,"$33,055.70",$350.3,"$40,323.20","$6,317.40",1.1%,0.9%,5.5%,China Electronics
374,"$33,052.70",$639.5,"$17,531.20","$9,686.30",1.9%,3.6%,6.6%,GS Caltex
375,"$32,857.40","$1,322.50","$108,595.40","$9,524.30",4%,1.2%,13.9%,Sompo Holdings
376,"$32,825.00",$435.3,"$341,659.60","$7,608.90",1.3%,0.1%,5.7%,Sumitomo Life Insurance
377,"$32,815.00","$2,138.00","$70,507.00","$36,162.00",6.5%,3%,5.9%,Schlumberger
378,"$32,765.00","$5,349.00","$36,500.00","$9,796.00",16.3%,14.7%,54.6%,3M
379,"$32,753.00","$5,687.00","$59,352.00","$-8,446.00",17.4%,9.6%,-,AbbVie
380,"$32,717.00","$3,962.00","$167,771.00","$50,312.00",12.1%,2.4%,7.9%,Chubb
381,"$32,683.30",$775.9,"$16,381.20","$8,155.60",2.4%,4.7%,9.5%,CHS
382,"$32,667.00","$8,045.40","$186,351.90","$83,336.40",24.6%,4.3%,9.7%,British American Tobacco
383,"$32,619.40",$-254.5,"$49,469.60","$9,257.90",-0.8%,-0.5%,-2.7%,Ansteel Group
384,"$32,421.40",$464.4,"$118,796.50","$9,328.40",1.4%,0.4%,5%,China Huadian
385,"$32,377.00","$6,015.00","$372,538.00","$51,668.00",18.6%,1.6%,11.6%,Capital One Financial
386,"$32,369.00","$2,597.00","$229,806.00","$39,006.00",8%,1.1%,6.7%,AIA Group
387,"$32,150.80",$572.5,"$25,942.20","$10,160.80",1.8%,2.2%,5.6%,Mazda Motor
388,"$32,102.80",$295.7,"$13,007.40","$3,439.70",0.9%,2.3%,8.6%,Compal Electronics
389,"$31,979.00","$2,615.30","$46,575.00","$10,821.80",8.2%,5.6%,24.2%,Progressive
390,"$31,975.50",$972.5,"$592,911.80","$23,745.80",3%,0.2%,4.1%,DZ Bank
391,"$31,949.40","$1,716.90","$38,604.60","$27,454.10",5.4%,4.4%,6.3%,Hyundai Mobis
392,"$31,928.90","$1,137.60","$25,035.70","$9,682.40",3.6%,4.5%,11.7%,CPC
393,"$31,856.00","$6,434.00","$83,216.00","$16,981.00",20.2%,7.7%,37.9%,Coca-Cola
394,"$31,790.70","$4,597.20","$43,956.90","$30,779.20",14.5%,10.5%,14.9%,L’Oréal
395,"$31,625.00","$2,970.50","$40,202.70","$18,321.10",9.4%,7.4%,16.2%,CRH
396,"$31,589.30","$6,642.50","$760,409.00","$49,674.80",21%,0.9%,13.4%,Bank of Nova Scotia
397,"$31,400.00","$2,162.00","$48,797.00","$21,164.00",6.9%,4.4%,10.2%,Johnson Controls International
398,"$31,367.80","$2,291.90","$158,506.80","$31,179.40",7.3%,1.4%,7.4%,USAA
399,"$31,292.20",$482.7,"$33,212.20","$2,118.00",1.5%,1.5%,22.8%,Air France-KLM Group
400,"$31,103.80",$84.2,"$73,067.10","$17,612.40",0.3%,0.1%,0.5%,Shougang Group
401,"$30,878.80","$1,512.70","$16,443.50","$3,409.40",4.9%,9.2%,44.4%,Compass Group
402,"$30,852.00","$1,908.00","$55,493.00","$21,239.00",6.2%,3.4%,9%,Hewlett Packard Enterprise
403,"$30,743.00","$2,833.10","$60,302.70","$13,245.60",9.2%,4.7%,21.4%,BT Group
404,"$30,686.70","$4,042.30","$24,878.10","$16,811.40",13.2%,16.2%,24%,Inditex
405,"$30,579.50",$518.4,"$42,968.60","$6,841.30",1.7%,1.2%,7.6%,Veolia Environnement
406,"$30,578.00","$2,368.00","$67,173.00","$30,524.00",7.7%,3.5%,7.8%,Abbott Laboratories
407,"$30,391.00","$14,135.00","$43,376.00","$32,294.00",46.5%,32.6%,43.8%,Micron Technology
408,"$30,389.90","$1,539.10","$17,079.20","$9,513.20",5.1%,9%,16.2%,PKN ORLEN Group
409,"$30,353.90","$2,754.50","$48,302.00","$23,753.80",9.1%,5.7%,11.6%,Schneider Electric
410,"$30,296.00",$-174.5,"$9,599.50","$2,915.80",-0.6%,-1.8%,-6%,Phoenix Pharma
411,"$30,282.00","$2,523.00","$104,233.00","$22,894.00",8.3%,2.4%,11%,Travelers Cos.
412,"$30,239.40","$3,961.30","$36,592.70","$13,301.90",13.1%,10.8%,29.8%,Gree Electric Appliances
413,"$30,235.40",$483.7,"$20,665.70","$9,283.50",1.6%,2.3%,5.2%,Coop Group
414,"$30,095.00","$3,229.00","$37,653.00","$8,187.00",10.7%,8.6%,39.4%,Northrop Grumman
415,"$30,081.40","$2,540.90","$65,596.80","$32,223.90",8.4%,3.9%,7.9%,Suncor Energy
416,"$30,070.60","$3,703.70","$549,407.60","$33,658.50",12.3%,0.7%,11%,Manulife Financial
417,"$29,953.00","$3,104.00","$91,393.00","$50,720.00",10.4%,3.4%,6.1%,Medtronic
418,"$29,832.50","$1,037.90","$65,576.60","$13,001.20",3.5%,1.6%,8%,Kansai Electric Power
419,"$29,676.80",$716.2,"$17,784.40","$5,325.00",2.4%,4%,13.4%,Arrow Electronics
420,"$29,625.00","$7,911.00","$39,801.00","$-12,459.00",26.7%,19.9%,-,Philip Morris International
421,"$29,592.30","$1,143.80","$23,570.70","$6,262.40",3.9%,4.9%,18.3%,Koç Holding
422,"$29,509.50",$162.8,"$11,032.70","$2,243.10",0.6%,1.5%,7.3%,Wistron
423,"$29,332.30","$4,593.70","$950,368.80","$63,825.80",15.7%,0.5%,7.2%,UniCredit Group
424,"$29,305.80","$1,512.90","$259,413.50","$25,904.90",5.2%,0.6%,5.8%,Samsung Life Insurance
425,"$29,159.60","$4,818.60","$58,854.20","$32,955.00",16.5%,8.2%,14.6%,SAP
426,"$29,149.00",$941.8,"$298,904.80","$13,732.00",3.2%,0.3%,6.9%,La Poste
427,"$29,124.00",$783,"$272,167.00","$22,134.00",2.7%,0.3%,3.5%,Northwestern Mutual
428,"$29,123.00","$-3,330.40","$46,441.20","$12,513.60",-11.4%,-7.2%,-26.6%,Naturgy Energy Group
429,"$29,098.20",$511.3,"$67,587.80","$18,673.60",1.8%,0.8%,2.7%,Migros Group
430,"$29,092.30","$2,772.20","$50,494.30","$18,681.20",9.5%,5.5%,14.8%,Danone
431,"$29,027.90","$6,151.50","$636,296.90","$46,674.50",21.2%,1%,13.2%,Westpac Banking
432,"$29,000.90","$2,782.50","$429,854.20","$32,001.40",9.6%,0.6%,8.7%,KB Financial Group
433,"$28,803.20","$3,404.80","$32,042.90","$7,674.10",11.8%,10.6%,44.4%,International Airlines Group
434,"$28,698.50",$309.9,"$14,619.20","$4,043.90",1.1%,2.1%,7.7%,Medipal Holdings
435,"$28,662.90","$1,064.80","$27,588.90","$13,247.20",3.7%,3.9%,8%,Sumitomo Electric Industries
436,"$28,654.90",$323.4,"$108,633.20","$13,515.50",1.1%,0.3%,2.4%,China Datang
437,"$28,564.00",$137,"$38,415.20","$5,472.20",0.5%,0.4%,2.5%,Xinjiang Guanghui Industry Investment
438,"$28,505.40","$1,333.10","$26,951.50","$14,703.70",4.7%,4.9%,9.1%,Subaru
439,"$28,499.00","$1,628.90","$27,967.90","$6,170.00",5.7%,5.8%,26.4%,Anhui Conch Group
440,"$28,492.80",$398.8,"$74,401.50","$2,403.20",1.4%,0.5%,16.6%,Huaxia Life Insurance
441,"$28,457.10","$2,322.30","$84,234.70","$36,742.40",8.2%,2.8%,6.3%,CFE
442,"$28,319.40","$1,556.90","$38,009.00","$17,878.10",5.5%,4.1%,8.7%,Samsung C&T
443,"$28,167.10",$540.5,"$11,107.70","$4,093.10",1.9%,4.9%,13.2%,Adecco Group
444,"$28,102.20",$830.8,"$11,359.10","$5,118.40",3%,7.3%,16.2%,Randstad
445,"$28,088.80","$1,536.10","$60,579.50","$27,323.90",5.5%,2.5%,5.6%,LafargeHolcim
446,"$27,713.60","$1,124.80","$24,280.10","$5,739.00",4.1%,4.6%,19.6%,Haier Smart Home
447,"$27,622.70",$55.5,"$7,824.70",$505.3,0.2%,0.7%,11%,INTL FCStone
448,"$27,610.00","$3,549.00","$52,196.00","$23,598.00",12.9%,6.8%,15%,Anglo American
449,"$27,485.80",$434,"$96,189.10","$4,207.00",1.6%,0.5%,10.3%,China Taiping Insurance Group
450,"$27,423.50",$624.1,"$76,913.40","$9,136.90",2.3%,0.8%,6.8%,Mapfre Group
451,"$27,374.10",$716.3,"$54,102.50","$15,696.90",2.6%,1.3%,4.6%,Chubu Electric Power
452,"$27,186.10",$128.3,"$8,005.40","$2,676.50",0.5%,1.6%,4.8%,PBF Energy
453,"$27,183.40","$1,001.50","$207,944.90","$11,601.80",3.7%,0.5%,8.6%,Cathay Life Insurance
454,"$27,172.70",$144.1,"$61,194.70","$4,359.40",0.5%,0.2%,3.3%,Financière de l’Odet
455,"$27,147.90","$4,863.40","$681,894.20","$42,856.40",17.9%,0.7%,11.3%,Australia & New Zealand Banking Group
456,"$27,076.10","$2,662.60","$75,537.00","$27,075.70",9.8%,3.5%,9.8%,East Japan Railway
457,"$27,061.30","$1,789.10","$42,246.40","$13,607.40",6.6%,4.2%,13.1%,OMV Group
458,"$27,058.00","$2,909.00","$31,864.00","$11,472.00",10.8%,9.1%,25.4%,Raytheon
459,"$26,846.70",$-70.2,"$12,668.50","$1,221.50",-0.3%,-0.6%,-5.7%,TongLing Nonferrous Metals Group
460,"$26,840.50",$1.2,"$35,084.40","$4,240.00",-,-,-,Shanxi LuAn Mining Group
461,"$26,835.70",$250.9,"$28,439.10","$3,637.80",0.9%,0.9%,6.9%,CJ Corp.
462,"$26,697.60",$-181.8,"$49,898.20","$6,393.90",-0.7%,-0.4%,-2.8%,Datong Coal Mine Group
463,"$26,692.80",$141.6,"$49,288.00","$5,802.80",0.5%,0.3%,2.4%,Shanxi Coking Coal Group
464,"$26,628.10",$-401.3,"$45,167.90","$17,475.30",-1.5%,-0.9%,-2.3%,Nokia
465,"$26,608.10","$1,134.10","$47,955.70","$8,181.60",4.3%,2.4%,13.9%,Heineken Holding
466,"$26,443.50","$2,049.10","$21,152.70","$10,388.30",7.7%,9.7%,19.7%,Xiaomi
467,"$26,290.10",$-131.1,"$34,909.50","$3,761.40",-0.5%,-0.4%,-3.5%,Yangquan Coal Industry Group
468,"$26,277.00",$362.5,"$26,661.60","$7,767.10",1.4%,1.4%,4.7%,NEC
469,"$26,276.50","$1,583.40","$251,010.50","$14,941.50",6%,0.6%,10.6%,Fubon Financial Holding
470,"$26,268.00","$-10,192.00","$103,461.00","$51,657.00",-38.8%,-9.9%,-19.7%,Kraft Heinz
471,"$26,251.00",$237.6,"$8,036.40","$2,507.80",0.9%,3%,9.5%,Hailiang Group
472,"$26,210.50",$93.4,"$13,499.40","$2,972.40",0.4%,0.7%,3.1%,Flex
473,"$26,207.90",$103.6,"$20,671.30","$6,064.90",0.4%,0.5%,1.7%,Xinxing Cathay International Group
474,"$26,147.70",$237.1,"$34,687.80","$10,114.90",0.9%,0.7%,2.3%,Emirates Group
475,"$26,129.40",$-252.2,"$9,842.90",$796.7,-1%,-2.6%,-31.7%,Ceconomy
476,"$25,996.70","$1,979.10","$33,659.10","$13,881.70",7.6%,5.9%,14.3%,Michelin
477,"$25,942.70","$4,220.60","$583,429.30","$38,123.90",16.3%,0.7%,11.1%,National Australia Bank
478,"$25,938.00","$3,381.00","$62,729.00","$25,637.00",13%,5.4%,13.2%,Mondelez International
479,"$25,920.00","$2,008.60","$17,844.50","$7,288.90",7.7%,11.3%,27.6%,Adidas
480,"$25,844.70",$52.6,"$40,137.80","$6,321.40",0.2%,0.1%,0.8%,Shanxi Jincheng Anthracite Coal Mining Group
481,"$25,823.30","$2,235.20","$674,869.50","$31,162.80",8.7%,0.3%,7.2%,Rabobank Group
482,"$25,781.90",$-133.3,"$39,328.40","$2,494.90",-0.5%,-0.3%,-5.3%,Henan Energy & Chemical
483,"$25,779.10",$442.7,"$25,230.80","$5,785.90",1.7%,1.8%,7.7%,China General Technology
484,"$25,775.00","$7,096.00","$467,374.00","$51,029.00",27.5%,1.5%,13.9%,U.S. Bancorp
485,"$25,739.00","$1,108.00","$19,194.00","$6,436.00",4.3%,5.8%,17.2%,Macy’s
486,"$25,679.00","$1,247.30","$29,270.30","$13,053.90",4.9%,4.3%,9.6%,Fomento Económico Mexicano
487,"$25,625.00","$1,589.50","$13,204.00","$6,417.40",6.2%,12%,24.8%,Dollar General
488,"$25,617.30","$1,338.50","$25,942.60","$15,311.50",5.2%,5.2%,8.7%,LG Chem
489,"$25,606.00",$-663,"$45,417.00","$2,562.00",-2.6%,-1.5%,-25.9%,Onex
490,"$25,462.80","$1,993.40","$13,201.80","$10,988.40",7.8%,15.1%,18.1%,Formosa Petrochemical
491,"$25,191.90","$1,514.20","$46,428.70","$13,664.60",6%,3.3%,11.1%,Safran
492,"$25,180.10",$370.6,"$93,515.70","$11,083.70",1.5%,0.4%,3.3%,Achmea
493,"$25,142.60",$184.8,"$4,163.80","$1,276.30",0.7%,4.4%,14.5%,Rajesh Exports
494,"$25,067.30","$2,360.80","$17,920.60","$9,792.10",9.4%,13.2%,24.1%,Nucor
495,"$25,002.70","$4,235.10","$589,481.40","$34,823.70",16.9%,0.7%,12.2%,Bank of Montreal
496,"$24,931.70","$1,794.60","$117,398.30","$8,477.50",7.2%,1.5%,21.2%,Taikang Insurance Group
497,"$24,816.00",$314.8,"$7,870.20","$2,438.00",1.3%,4%,12.9%,Ultrapar Holdings
498,"$24,796.60","$2,494.20","$47,983.80","$20,326.10",10.1%,5.2%,12.3%,Air Liquide
