,ceo,value
0,Doug McMillon,"Born: October 17, 1966 (age 53 years), Memphis, TN', 'Nationality: American', 'Spouse: Shelley McMillon', 'Education: Bentonville High School, Sam M. Walton College of Business, The University of Tulsa, University of Arkansas', 'Children: Blake McMillon, Spencer McMillon', 'Parents: Laura McMillon, Morris McMillon"
1,Dai Houliang,Null
2,Ben van Beurden,"Born: April 23, 1958 (age 61 years), Netherlands', 'Full name: Bernardus Cornelis Adriana Margriet van Beurden', 'Nationality: Dutch', 'Spouse: Stacey van Beurden', 'Children: 4', 'Term: January 2014–present"
3,,
4,,
5,Amin H. Nasser,"Born: 1960 (age 60 years)', 'Nationality: Saudi', 'Education: جامعة الملك فهد للبترول والمعادن"
6,Bob Dudley,"Born: September 14, 1955 (age 64 years), Queens, New York, NY', 'Nationality: American', 'Spouse: Mary Dudley', 'Citizenship: United Kingdom; United States', 'Title: Former Group Chief Executive of BP', 'Education: University of Illinois at Urbana-Champaign, MORE"
7,Darren Woods,"Born: Wichita, KS', 'Spouse: Kathryn Woods', 'Predecessor: Rex W. Tillerson', 'Education: Kellogg School of Management, Texas A&M University"
8,Herbert Diess,"Born: October 24, 1958 (age 61 years), Munich, Germany', 'Education: Technische Universität München (1987), MORE', 'Board member of: Audi, Volkswagen Group, SEAT, Škoda Auto, Porsche Holding"
9,Akio Toyoda,"Born: May 3, 1956 (age 63 years), Nagoya, Aichi, Japan', 'Nationality: Japanese', 'Children: 2', 'Education: Babson College, Keio University', 'Parents: Shoichiro Toyoda, Hiroko Mitsui', 'Grandparents: Kiichiro Toyoda, Hatako Toyoda"
10,Tim Cook,"Born: November 1, 1960 (age 59 years), Mobile, AL', 'Height: 6′ 0″', 'Net worth: US$ 1.3 billion (2015)', 'Education: The Fuqua School of Business (1988), MORE', 'Parents: Geraldine Cook, Donald Cook', 'Siblings: Gerald Cook, Michael Cook"
11,Warren Buffett,"Born: August 30, 1930 (age 89 years), Omaha, NE', 'Net worth: 73.4 billion USD (2020)', 'Education: Columbia Business School (1950–1951), MORE', 'Spouse: Astrid Menks (m. 2006), Susan Buffett (m. 1952–2004)"
12,Jeff Bezos,"Net worth: 106.2 billion USD (2020) Trending', 'Born: January 12, 1964 (age 56 years), Albuquerque, NM', 'Height: 5′ 7″', 'Nationality: American', 'Children: 4', 'Education: Princeton University (1986), River Oaks Elementary School, Miami Palmetto Senior High School, University of Florida"
13,,
14,,
15,Ivan Glasenberg,"Born: January 1957 (age 63 years), Johannesburg, South Africa', 'Net worth: 2.9 billion USD (2020)', 'Spouse: Elana Glasenberg', 'Children: 2', 'Known for: CEO of Glencore', 'Education: Marshall Business School, USC, University of the Witwatersrand, Johannesburg, University of Southern California"
16,,
17,Ola Källenius,"Born: June 11, 1969 (age 50 years), Västervik, Sweden', 'Employer: Daimler AG', 'Education: University of St. Gallen, Stockholm School of Economics, Danderyds gymnasium"
18,Larry J. Merlo,"Born: 1956 (age 64 years), Pittsburgh, PA', 'Nationality: American', 'Spouse: Lee Ann Merlo', 'Education: University of Pittsburgh School of Pharmacy (1978)', 'Residence: Rhode Island"
19,Patrick Pouyanné,"Born: June 24, 1963 (age 56 years), Le Petit-Quevilly, France', 'Education: École Polytechnique"
20,,
21,Jeremy Weir,"Born: 1964 (age 56 years), Melbourne, Australia', 'Education: University of Melbourne', 'Predecessor: Claude Dauphin"
22,Terry Gou,"Born: October 18, 1950 (age 69 years), Banqiao District, Taipei, Taiwan', 'Nationality: Taiwanese', 'Net worth: 5.8 billion USD (2020)', 'Spouse: Delia Tseng (m. 2008), Serena Lin (m. 1974–2005)', 'Education: Taipei College of Maritime Technology (1966–1971), New Taipei Municipal Panchiao Senior High School', 'Children: Gou Shou-zheng, Gou Xiao-ling, Gou Shou-shan, Gou Xiao-ru"
23,John Elkann,"Born: April 1, 1976 (age 43 years), New York, NY', 'Spouse: Lavinia Borromeo (m. 2004)', 'Education: Polytechnic University of Turin', 'Siblings: Lapo Elkann, Ginevra Elkann, Anna de Pahlen, Maria de Pahlen, Pietro de Pahlen, Tatiana de Pahlen, Sofia de Pahlen', 'Children: Oceano Noah Elkann, Leone Mosé Elkann, Vita Talita Elkann', 'Parents: Alain Elkann, Margherita Agnelli"
24,Randall L. Stephenson,"Born: April 22, 1960 (age 59 years), Oklahoma City, OK', 'Nationality: American', 'Spouse: Lenise Stephenson', 'Children: 2', 'Residence: Dallas, TX', 'Education: The University of Oklahoma, University of Central Oklahoma"
25,,
26,Steven H. Collis,"Born: 1961 (age 59 years), South Africa', 'Education: University of the Witwatersrand, Johannesburg', 'Predecessor: R. David Yost"
27,Mike Wirth,"Born: 1960 (age 60 years)', 'Education: University of Colorado Boulder"
28,Ma Mingzhe,"Born: December 1955 (age 64 years), China', 'Education: Zhongnan University of Economics and Law', 'Organization founded: Ping An Insurance"
29,Jim Hackett,"Born: April 22, 1955 (age 64 years), Columbus, OH', 'Education: University of Michigan (1977)', 'Spouse: Kathy Hackett', 'Residence: Grand Rapids, Michigan, U.S', 'Children: 2"
30,Tian Guoli,Null
31,Mary T. Barra,"Born: December 24, 1961 (age 58 years), Waterford, MI', 'Nationality: American', 'Spouse: Anthony E. Barra', 'Education: Stanford Graduate School of Business (1988–1990), Kettering University, Mott High School', 'Children: Nicholas Barra, Rachel Barra', 'Parents: Ray Makela, Eva Makela"
32,,
33,Takahiro Hachigo,"Born: May 19, 1959 (age 60 years), Japan', 'Alma mater: Tokyo City University', 'Board member of: Honda Motor Company"
34,W. Craig Jelinek,"Born: August 8, 1952 (age 67 years), California', 'Nationality: American', 'Education: San Diego State University (1975)', 'Predecessor: James Sinegal"
35,Zhou Mubing,Null
36,Sundar Pichai,"Born: June 10, 1972 (age 47 years), Madurai, India', 'Spouse: Anjali Pichai', 'Education: Wharton School of the University of Pennsylvania, MORE', 'Children: Kiran Pichai, Kavya Pichai', 'Nationality: American, Indian', 'Parents: Regunatha Pichai, Lakshmi Pichai"
37,Michael C. Kaufmann,Null
38,Chen Zhixin,Born: 1959 (age 61 years)
39,Stefano Pessina,"Born: June 4, 1941 (age 78 years), Pescara, Italy', 'Net worth: 8.7 billion USD (2020)', 'Children: 2', 'Partner: Ornella Barra (1985–)', 'Board member of: Walgreens Boots Alliance', 'Education: University of Milan, Politecnico di Milano"
40,Jamie Dimon,"Born: March 13, 1956 (age 64 years), New York, NY', 'Nationality: American', 'Net worth: 1.2 billion USD (2020)', 'Spouse: Judith Kent (m. 1983)', 'Children: Julia Dimon, Kara Leigh Dimon, Laura Dimon', 'Education: Harvard Business School (1982), Tufts University, Browning School"
41,Alexey B. Miller,Null
42,,
43,Liu Liange,Null
44,Oliver Bäte,"Born: March 1, 1965 (age 55 years), Bergisch Gladbach, Germany', 'Education: University of Cologne (1988–1993), NYU Stern School of Business (1988–1993)"
45,Thomas Buberl,"Born: March 24, 1973 (age 46 years), Cologne, Germany', 'Education: WHU - Otto Beisheim School of Management, Lancaster University, University of St. Gallen"
46,Rodney McMullen,"Born: 1961 (age 59 years), Pineville, KY', 'Education: University of Kentucky', 'Predecessor: David Dillon', 'Board member of: Cincinnati Financial, Kroger"
47,H. Lawrence Culp Jr.,"Born: 1964 (age 56 years), Washington, D.C.', 'Nationality: American', 'Children: 3', 'Title: Chairman and CEO, General Electric', 'Predecessor: John L. Flannery', 'Education: Washington College, Harvard Business School"
48,Hugh R. Frater,Null
49,,
50,Wang Bin MD,"Address: 13347 Sanford Ave C1G, Flushing, NY 11355', 'Hours:\nOpen ⋅ Closes 8PM', 'Phone: (718) 886-7888"
51,Masatsugu Nagato,"Born: November 18, 1948 (age 71 years), Otaru, Hokkaido, Japan', 'Education: Hitotsubashi University', 'Predecessor: Taizo Nishimuro"
52,Harald Krüger,"Born: October 13, 1965 (age 54 years), Freiburg im Breisgau, Germany', 'Education: RWTH Aachen University (1991), MORE"
53,,
54,Zhang Zongyan,Null
55,,
56,Joseph W. Gorder,"Born: May 1957 (age 62 years)', 'Education: University of Missouri-St. Louis, Our Lady of the Lake School of Business"
57,Brian Moynihan,"Born: October 9, 1959 (age 60 years), Marietta, OH', 'Nationality: American', 'Spouse: Susan Berry', 'Children: 3', 'Education: Notre Dame Law School (1984), Brown University (1981), University of Notre Dame', 'Siblings: Kathryn Moynihan, Patrick Moynihan"
58,Chen Fenjian,Null
59,Satya Nadella,"Born: August 19, 1967 (age 52 years), Hyderabad, India', 'Title: CEO of Microsoft', 'Spouse: Anupama Nadella (m. 1992)', 'Education: University of Wisconsin-Milwaukee (1990), MORE', ""Books: Hit Refresh: The Quest to Rediscover Microsoft's Soul and Imagine a Better Future for Everyone"", 'Children: Zain Nadella, Tara Nadella, Divya Nadella"
60,Ren Zhengfei,"Born: October 25, 1944 (age 75 years), Zhenning Buyei and Miao Autonomous County, Anshun, China', 'Nationality: Chinese', 'Net worth: 1.3 billion USD (2020)', 'Spouse: Yao Ling', 'Education: Chongqing University', 'Children: Meng Wanzhou, Annabel Yao, Ren Ping"
61,Craig Menear,"Born: 1958 (age 62 years), Flint, MI', 'Nationality: American', 'Education: Central High School, Michigan State University"
62,,
63,Jun Sawada,"Born: July 30, 1955 (age 64 years)', 'Predecessor: Hiroo Unoura"
64,Masahiro Okafuji,Null
65,Hiroto Saikawa,"Born: November 14, 1953 (age 66 years), Japan"
66,Zheng Zhijie,"Born: May 1958 (age 61 years)', 'Education: Dongbei University of Finance and Economics', 'Party: Communist Party of China"
67,Dave Calhoun,"Born: April 18, 1957 (age 62 years), Philadelphia, PA', 'Nationality: American', ""Books: How Companies Win: Profiting from Demand-Driven Business Models No Matter What Business You're In"", 'Education: Orefield Middle School, Pamplin College of Business, Virginia Polytechnic Institute and State University', ""Albums: Salmon Chanted Harbor, Day Drinkin', Momentary Mutiny"", 'Children: Corey Calhoun, Amy Calhoun, Devon Calhoun, Jessica Calhoun"
68,Charles W. Scharf,"Born: 1965 (age 55 years)', 'Nationality: American', 'Organization: Visa U.S.A', 'Education: New York University, Johns Hopkins University"
69,Joe Kaeser,"Born: June 23, 1957 (age 62 years), Arnbruck, Germany', 'Spouse: Rosemarie Kaeser', 'Education: Ostbayerische Technische Hochschule (OTH) Regensburg"
70,Michael Corbat,"Born: May 2, 1960 (age 59 years), Bristol, CT', 'Nationality: American', 'Spouse: Donna Corbat', 'Education: Harvard University (1983)"
71,Gary R. Heminger,"Born: Tiffin, OH', 'Education: University of Dayton (1982), Tiffin University (1976)"
72,Tae-Won Chey/Dong-Hyun Jang,Null
73,Roberto da Cunha Castello Branco,Null
74,Brian L. Roberts,"Born: June 28, 1959 (age 60 years), Philadelphia, PA', 'Nationality: American', 'Net worth: 1.6 billion USD (2020)', 'Spouse: Aileen Roberts', 'Children: Sarah Roberts, Tucker Roberts', 'Education: Wharton School of the University of Pennsylvania, University of Pennsylvania, Germantown Academy"
75,Ulf Mark Schneider,"Born: September 9, 1965 (age 54 years), Neuwied, Germany', 'Nationality: German', 'Citizenship: German and American', 'Predecessor: Paul Bulcke', 'Education: Harvard Business School, University of St. Gallen"
76,Volkmar Denner,"Born: November 30, 1956 (age 63 years), Uhingen, Germany', 'Education: University of Stuttgart (1985), University of Stuttgart (1981)', 'Appointed by: Angela Merkel"
77,Andreas Schierenbeck,Null
78,Gail Koziara Boudreaux,"Born: 1960 (age 60 years)', 'Spouse: Terry Boudreaux (m. 1989)', 'Children: 2 sons', 'Education: Chicopee Comprehensv High Sch, Columbia University, Columbia Business School, Dartmouth College"
79,Wang Xiangming,Null
80,Alexandre Bompard,"Born: October 4, 1972 (age 47 years), Saint-Étienne, France', 'Spouse: Charlotte Bompard', 'Predecessor: Georges Plassat', 'Board member of: Fnac', ""Education: École Nationale d'Administration (1997–1999), Sciences Po"""
81,Li Shaozhu,Null
82,Claudio Descalzi,"Born: 1955 (age 65 years), Milan, Italy', 'Education: University of Milan"
83,Michael S. Dell,"Born: February 23, 1965 (age 55 years), Houston, TX', 'Net worth: US$31.2 billion (October 2019)', 'Spouse: Susan Dell (m. 1989)', 'Education: Memorial Senior High School, The University of Texas at Austin, Herod Elementary School', 'Children: Alexa Dell, Kira Dell, Juliette Dell, Zachary Dell"
84,José Antonio Alvarez (José Antonio ...,"Born: January 6, 1960 (age 60 years), León, Spain', 'Predecessor: Javier Marín"
85,Igor Sechin,"Born: September 7, 1960 (age 59 years), Russian Soviet Federative Socialist Republic', 'Height: 5′ 9″', 'Spouse: Olga Rozhkova (m. 2011–2017)', 'Education: Saint Petersburg State University', 'Nationality: Russian, Soviet', 'Children: Inga Sechina, Ivan Sechin"
86,Xu Liuping,Null
87,Ning Gaoning,"Born: November 9, 1958 (age 61 years), Binzhou, China', 'Education: Joseph M. Katz Graduate School of Business, Shandong University, University of Pittsburgh"
88,Francesco Starace,"Born: 1955 (age 65 years), Rome, Italy', 'Education: Politecnico di Milano"
89,Timotheus Höttges,"Born: September 18, 1962 (age 57 years), Solingen, Germany', 'Education: University of Cologne"
90,Philippe Brassac,"Born: August 31, 1959 (age 60 years), Nîmes, France', 'Education: ENSAE Paris', 'Predecessor: Jean-Paul Chifflet"
91,Philippe Donnet,"Born: July 26, 1960 (age 59 years), Suresnes, France', 'Education: École Polytechnique"
92,Liu Qitao,Null
93,Won-Hee Lee /Mong-Koo Chung,Null
94,Octavio Romero Oropeza,"Born: January 20, 1959 (age 61 years), Jalapa"
95,Carlos Tavares,"Born: August 14, 1958 (age 61 years), Lisbon, Portugal', 'Nationality: Portuguese', 'Education: École Centrale Paris (1981)"
96,Yan Hao,Null
97,Masayoshi Son,"Born: August 11, 1957 (age 62 years), Tosu, Saga, Japan', 'Nationality: Japanese', 'Net worth: 19.3 billion USD (2020)', 'Children: 2', 'Spouse: Masami Ohno (m. 1979)', 'Education: University of California, Berkeley (1980), MORE"
98,John Flint,"Born: June 1968 (age 51 years), Yorkshire, United Kingdom', 'Children: 2', 'Successor: Noel Quinn', 'Predecessor: Stuart Gulliver', 'Title: CEO, HSBC', 'Education: University of Portsmouth, Giggleswick School"
99,C. Marc Doyle,Null
100,Liu Aili,Null
101,Toshiaki Higashihara,Null
102,,
103,Jean-Laurent Bonnafé,"Born: July 14, 1961 (age 58 years), Clichy, France', 'Education: École Polytechnique, Mines ParisTech, Lycée Louis-le-Grand"
104,Tsutomu Sugimori,Null
105,,
106,Wang Xiangxi,Null
107,Michael L. Tipsord,"Born: 1959 (age 61 years), Illinois', 'Education: Illinois Wesleyan University (1981), University of Illinois at Urbana-Champaign"
108,Alex Gorsky,"Born: May 24, 1960 (age 59 years), Kansas City, KS', 'Nationality: American', 'Salary: US$ 20.1 million (2018); US$ 29.8 million (2017)', 'Education: Wharton School of the University of Pennsylvania, United States Military Academy', 'Children: Nicholas Gorsky', 'Parents: Albert Gorsky, Loretta Gorsky"
109,Jean-Bernard Lévy,"Born: March 18, 1955 (age 64 years), Suresnes, France', 'Education: École Polytechnique, Télécom Paris', 'Parents: Monique Herzog, Claude Lévy"
110,Meng Zhenping,Null
111,Tang Fuping,Null
112,Eldar Sætre,"Born: February 8, 1956 (age 64 years), Vartdal, Norway', 'Education: NHH Norwegian School of Economics', 'Siblings: Oddrun Godø"
113,Ginni Rometty,"Born: July 29, 1957 (age 62 years), Chicago, IL', 'Full name: Virginia Marie Rometty', 'Spouse: Mark Anthony Rometty', 'Successor: Arvind Krishna', 'Education: Northwestern University, Robert R. McCormick School of Engineering and Applied Science at Northwestern', 'Siblings: Joe Nicosia"
114,Martin Brudermüller,"Born: May 5, 1961 (age 58 years), Stuttgart, Germany', 'Education: Karlsruhe Institute of Technology', 'Predecessor: Kurt Bock', 'Term: 2018"
115,Kenichirō Yoshida,"Born: October 1959 (age 60 years), Kumamoto, Japan', 'Nationality: Japanese"
116,Sanjiv Singh,Null
117,Motoya Okada,"Born: June 17, 1951 (age 68 years), Yokkaichi, Mie, Japan', 'Education: Babson College', 'Parents: Takuya Okada', 'Siblings: Katsuya Okada"
118,Wang Wenyin,"Born: 1968 (age 52 years), Anhui, China', 'Net worth: US$16.0 billion (June 2015)', 'Education: Anhui Qianshan Yezhai Middle School, Nanjing University', 'Organization founded: Amer International Group"
119,Lakshmi Mittal,"Born: June 15, 1950 (age 69 years), Sadulpur, India', 'Nationality: Indian', 'Net worth: 8.4 billion USD (2020)', 'Spouse: Usha Mittal', ""Education: St. Xavier's College, Kolkata"", 'Children: Aditya Mittal, Vanisha Mittal"
120,Miao Jianmin,Null
121,Brian Cornell,"Born: 1958 (age 62 years), Queens, New York, NY', 'Spouse: Martha Cornell', 'Known for: Chairman & CEO of Target', 'Education: UCLA Anderson School of Management, University of California, Los Angeles', 'Children: Megan Cornell, Jonathan Cornell', 'Board member of: Yum! Brands, Retail Industry Leaders Association (Chairman)"
122,Guillaume Faury,"Born: February 22, 1968 (age 52 years), Cherbourg-Octeville, Cherbourg-en-Cotentin, France', ""Education: Institut supérieur de l'aéronautique et de l'espace, École nationale supérieure de l'aéronautique et de l'espace"""
123,Frank Appel,"Born: July 29, 1961 (age 58 years), Hamburg, Germany', 'Predecessor: Klaus Zumwinkel', 'Education: ETH Zürich (2001), Ludwig Maximilian University of Munich"
124,Hiroshi Shimizu,"Born: March 28, 1903', 'Died: June 23, 1966, Ukyo Ward, Kyoto, Japan', 'Education: Hokkaido University', 'Other name: Takahiko Minamoto, Umihiko Yuhara', 'Books: Japan and Singapore in the world economy"
125,Isabelle Kocher,"Born: December 9, 1966 (age 53 years), Neuilly-sur-Seine, France', 'Spouse: Laurent Kocher (m. 1989)', 'Children: 5', 'Education: École Normale Supérieure (1987), Mines ParisTech"
126,Frans Muller,"Education: Erasmus University Rotterdam', 'Predecessor: Dick Boer"
127,Brickman David M CPA,"Address: 270 Madison Ave # 1500, New York, NY 10016', 'Phone: (212) 687-7215"
128,Xu Heyi,Null
129,Chansin Treenuchagron,Null
130,Kazuhiro Tsuga,"Born: November 14, 1956 (age 63 years), Osaka, Osaka, Japan', 'Predecessor: Fumio Ōtsubo', 'Employer: Panasonic', 'Title: President', 'Education: University of California, Santa Barbara (1986), Osaka University (1979)"
131,David P. Abney,"Born: 1956 (age 64 years), Greenwood, MS', 'Spouse: Sherry Abney', 'Education: Delta State University, Pillow Academy"
132,Marvin Ellison,"Born: 1966 (age 54 years)', 'Nationality: American', 'Spouse: Sharyn Ellison', 'Profession: Musician', ""Education: Haywood High School, Emory University, Emory University's Goizueta Business School, University of Memphis"", 'Children: Donavan Ellison"
133,Yu Xubo,Null
134,Bob Swan,"Born: May 9, 1960 (age 59 years), Syracuse, NY', 'Children: 2', 'Employer: Intel', 'Board member of: Intel Corporation, eBay', 'Predecessor: Brian Krzanich', 'Education: Corcoran High School, Binghamton University, University at Buffalo School of Management"
135,Megan Brennan,"Born: 1961 (age 59 years), Pottsville, PA', 'Office: United States Postmaster General since 2015', 'Party: Democratic Party', 'Education: MIT Sloan School of Management, Nativity BVM High School, Immaculata University"
136,Chang Zhenming,"Born: October 1956 (age 63 years), China', 'Parents: Chang Dong', 'Education: Tsinghua University High School, Beijing International Studies University, カレッジ・オブ・インシュアランス"
137,Xu Jiayin,"Born: October 9, 1958 (age 61 years), Taikang County, Zhoukou, China', 'Nationality: Chinese', 'Net worth: 25.7 billion USD (2020)', 'Spouse: Ding Yumei (m. 1983)', 'Education: Wuhan University of Science and Technology', 'Children: Xu Xihao, Xu Zhijian"
138,Liu Qiangdong,"Born: Lailongzhen, Suqian, China', 'Height: 5′ 10″', 'Spouse: Zhang Zetian (m. 2015)', 'Net worth: 8.4 billion USD (2020)', 'Education: China Europe International Business School, Renmin University of China', 'Parents: Wang Shaoxia, Liu Zhicheng"
139,Jiao Kaihe,Null
140,Ke Ruiwen,Null
141,Michel A. Khalaf,Null
142,Thierry Bolloré,"Born: May 30, 1963 (age 56 years), France', 'Education: Master of Business Administration, Paris Dauphine University', 'Parents: Yves Henri Bolloré, Jacqueline Martin"
143,Yang Xingqiang,Null
144,Joachim Wenning,Null
145,David S. Taylor,"Born: April 20, 1958 (age 61 years), Charlotte, NC', 'Education: Duke University (1980), West Charlotte High School"
146,Masumi Kakinoki,Null
147,Gregory J. Hayes,"Born: United States', 'Education: Krannert School of Management', 'Predecessor: Louis R. Chênevert"
148,,
149,Ren Deqi,Null
150,Luo Ronghuai,Null
151,Frederick W. Smith,"Born: August 11, 1944 (age 75 years), Marks, MS', 'Net worth: US $5.4 billion (December 2017)', 'Children: Cannon Smith, Molly Smith, Windland Smith Rice, Richard Smith, Arthur Smith', 'Education: Yale University (1962–1966), Memphis University School, Presbyterian Day School', 'Spouse: Linda Black Grisham (m. 1969–1977), Diane Smith', 'Grandchildren: Alden James Rice, Mason Frederick Rice"
152,,
153,,
154,Juan Ricardo Luciano,"Born: 1962 (age 58 years), Argentina', 'Nationality: Argentine', 'Education: Instituto Tecnológico de Buenos Aires"
155,Charles F. Lowrey,Null
156,Tatsuo Yasunaga,Null
157,Wan Zulkiflee,"Born: 1961 (age 59 years), Malaysia', 'Education: Malay College Kuala Kangsar', 'Predecessor: Shamsul Azhar Abbas', 'Title: CEO and president, Petronas"
158,Ryuichi Isaka,Null
159,,
160,Yan Zhiyong,Null
161,,
162,Severin Schwan,"Born: November 17, 1967 (age 52 years), Austria', 'Education: University of York, University of Innsbruck"
163,Edgard Bonte,Null
164,,
165,Mike Kanetsugu,Null
166,,
167,,
168,She Lulin,Null
169,Robert Allen Iger,"Born: February 10, 1951 (age 69 years), New York, NY', 'Books: The Ride of a Lifetime: Lessons Learned from 15 Years as CEO of the Walt Disney Company, The Ride of a Lifetime', 'Spouse: Willow Bay (m. 1995), Susan Iger (m. ?–1994)', 'Children: Kate Iger, Robert Maxwell Iger, William Iger, Amanda Iger', 'Education: Ithaca College (1973), Oceanside High School, Roy H. Park School of Communications, The Center for Early Education"
170,,
171,Kevin P. Hourican,Null
172,Enrique J. Lores,Null
173,Frédéric Oudéa,"Born: July 3, 1963 (age 56 years), Paris, France', 'Children: 5', 'Spouse: Amélie Oudéa-Castéra (m. 2006)', ""Education: Lycée Louis-le-Grand, Sciences Po, École Nationale d'Administration, École Polytechnique"""
174,Nicke Widyawati,Null
175,José María Álvarez-Pallete López (José María Álvarez-Pallete),"Born: December 12, 1963 (age 56 years), Madrid, Spain', 'Spouse: Cuqui Samaniego"
176,Mo Bin,Null
177,Tomoaki Kobayakawa,Null
178,Bruce D. Broussard,"Born: 1963 (age 57 years)', 'Spouse: Janine Broussard"
179,Bruce Flatt,"Born: 1965 (age 55 years), Winnipeg, Canada', 'Net worth: 1.9 billion USD (2020)', 'Siblings: Gordon Flatt"
180,Chen Jianhua,"Born: March 1956 (age 64 years), Lufeng, Guangdong, Shanwei, China', 'Education: Nanjing Normal University', 'Party: Communist Party of China', 'Residence: Guangzhou, China"
181,Daniel Zhang,"Born: 1972 (age 48 years), Shanghai, China', 'Nationality: Chinese', 'Education: Shanghai University of Finance and Economics"
182,Rolf Martin Schmitz,"Born: June 17, 1957 (age 62 years), Mönchengladbach, Germany', 'Education: RWTH Aachen University"
183,Mark Zuckerberg,"Net worth: 57.4 billion USD (2020) Trending', 'Born: May 14, 1984 (age 35 years), White Plains, NY', 'Height: 5′ 7″', 'Spouse: Priscilla Chan (m. 2012)', 'Education: Harvard University (2002–2004), MORE', 'Children: Maxima Chan Zuckerberg, August Chan Zuckerberg"
184,,
185,,
186,Sidney Toledano,"Born: July 25, 1951 (age 68 years), Casablanca, Morocco', 'Spouse: Katia Assous (m. 1981)', 'Parents: Boris Toledano, Inès Benezra', 'Nationality: French, Moroccan"
187,,
188,,
189,Jim Umpleby,"Born: 1958 (age 62 years), Highland, IN', 'Spouse(s): Katherine Umpleby', 'Employer: Caterpillar Inc.', 'Predecessor: Douglas R. Oberhelman', 'Children: 2 children', 'Education: Rose-Hulman Institute of Technology (1980), Highland High School"
190,Candido Botelho Bracher,"Born: December 5, 1958 (age 61 years), State of São Paulo, Brazil', 'Education: Escola de Administração de Empresas de São Paulo (1980), Santa Cruz School"
191,Carlos Brito,"Born: 1960 (age 60 years), Rio de Janeiro, State of Rio de Janeiro, Brazil', 'Nationality: Brazilian', 'Spouse(s): Belinda Brito', 'Children: Louise Brito, Kevin Brito, Mark Brito, Christine Brito', 'Education: Stanford Graduate School of Business, Universidade Federal do Rio de Janeiro"
192,,
193,Kelcy Warren,"Born: 1955 (age 65 years), Gladewater, TX', 'Net worth: 2.6 billion USD (2020)', 'Spouse: Amy Warren (m. 2010), Sherry Johnson (m. 1980–1991)', 'Children: Klyde Warren', 'Education: White Oak High School, The University of Texas at Arlington', 'Parents: Bertie Lee Kirby, Hugh Brinson Warren"
194,Robert G. Scott,Null
195,Daniel Hajj Aboumrad,"Born: 1966 (age 54 years), Mexico City, Mexico"
196,Marillyn Hewson,"Born: 1954 (age 66 years), Junction City, KS', 'Spouse: James Hewson', 'Predecessor: Robert J. Stevens', 'Education: Columbia Business School, The University of Alabama, Harvard Business School', 'Children: Will Hewson, David Hewson', 'Parents: Mary Adams, Warren Adams"
197,Albert Bourla,"Born: 1962 (age 58 years)', 'Nationality: Greek"
198,,
199,Josu Jon Imaz,"Born: September 6, 1963 (age 56 years), Zumarraga, Spain', 'Education: Campus De Bizkaia - Campus of Biscay', 'Employer: Repsol"
200,Vasant Narasimhan,"Born: 1976 (age 44 years), Moorestown, NJ', 'Nationality: American', 'Spouse: Srishi Gupta (m. 2003)', 'Education: Harvard University, Harvard Kennedy School, Harvard Medical School, The University of Chicago', 'Parents: Kalathur Narasimhan, Gita Narasimhan"
201,,
202,Song Zhiping,Null
203,David M. Solomon,"Born: 1962 (age 58 years), Hartsdale, NY', 'Full name: David Michael Solomon', 'Spouse: Mary Solomon (m. 1989)', 'Education: Hamilton College, Edgemont Jr./Sr. High School', 'Parents: Sandra Solomon, Alan Solomon"
204,Elmar Degenhart,"Born: January 29, 1959 (age 61 years), Dossenheim, Germany', 'Education: University of Stuttgart', 'Predecessor: Karl-Thomas Neumann"
205,Xavier Huillard,"Born: June 27, 1954 (age 65 years), Paris, France', 'Education: École des ponts ParisTech, École Polytechnique"
206,Didier Lévêque,Null
207,,
208,,
209,Brian P. Hannasch,Null
210,Li Weimin,Null
211,Yang Yuanqing,"Born: November 12, 1964 (age 55 years), Hefei, China', 'Nationality: Chinese', 'Net worth: US$1.25 billion (September 2015)', 'Parent(s): Yang Furong', 'Education: Shanghai Jiao Tong University, University of Science and Technology of China"
212,Tao Yiping,Null
213,Yu Yong MD,"Address: 13620 38th Ave # 8C, Flushing, NY 11354', 'Phone: (718) 886-6995"
214,Guido Kerkhoff,"Born: November 22, 1967 (age 52 years), Schüttorf, Germany', 'Education: Bielefeld University"
215,Gao Guofu,Null
216,,
217,James P. Gorman,"Born: July 14, 1958 (age 61 years), Melbourne, Australia', 'Spouse: Pendleton Dedman', 'Education: Columbia Business School, Newman College, University of Melbourne, Columbia University, Xavier College', ""Children: Caroline D'Arcy Gorman, Caroline Gorman"", 'Siblings: Katherine Williams', 'Nationality: American, Australian"
218,Gilberto Tomazoni,Null
219,Li Shufu,"Born: June 25, 1963 (age 56 years), Taizhou, China', 'Spouse: Li Wang', 'Net worth: 13.4 billion USD (2020)', 'Board member of: Geely', 'Education: Hubei University of Economics, Yanshan University, Harbin University of Science and Technology', 'Organizations founded: Geely, Geely Auto"
220,Octavio de Lazari,Null
221,Yasuyoshi Karasawa,Null
222,Laurent Mignon,Null
223,Tsuyoshi Nagano,"Born: 1961 (age 59 years), Tokyo, Japan"
224,Chuck Robbins,"Born: Grayson, GA', 'Spouse(s): Married', 'Children: 4', 'Education: University of North Carolina at Chapel Hill (1983–1987), Rocky Mt High School"
225,Pierre-André de Chalendar,"Born: April 12, 1958 (age 61 years), Vichy, France', 'Spouse(s): Leticia Petrie (m. 1989)', 'Children: 4', ""Education: École Nationale d'Administration, MORE"""
226,Han-Woo Park,Null
227,Stéphane Richard,"Born: August 24, 1961 (age 58 years), Gironde, France', 'Education: HEC Paris"
228,David Cordani,"Born: February 10, 1966 (age 54 years), Waterbury, CT', 'Nationality: American', 'Books: The Courage to Go Forward: The Power of Micro Communities', 'Education: Texas A&M University, University of Hartford"
229,,
230,Masayuki Hyodo,Null
231,Zheng Wanchun,Null
232,,
233,Onur Genç,"Born: 1974 (age 46 years), Trabzon, Turkey', 'Education: Tepper School of Business (1995–1997), Boğaziçi University (1991–1995)"
234,Brian Duperreault,"Born: May 8, 1947 (age 72 years), Hamilton, Bermuda', 'Nationality: American', ""Education: Saint Joseph's University, Trenton Catholic Academy"""
235,Rajnish Kumar,"Born: January 14, 1958 (age 62 years)', 'Residence: Mumbai, India"
236,Ma Huateng,"Born: October 29, 1971 (age 48 years), Chaoyang, Shantou, China', 'Nationality: Chinese', 'Net worth: 40.7 billion USD (2020)', 'Residence: Shenzhen, China', 'Education: Shenzhen Middle School, Shenzhen University', 'Parents: Ma Chenshu, Huang Huiqing"
237,Mario Greco,"Born: June 16, 1959 (age 60 years), Naples, Italy', 'Education: University of Rochester, Sapienza University of Rome', 'Board member of: Zurich Insurance Group, GEDI Gruppo Editoriale, Indesit Co., Pirelli, Saras S.p.A."
238,Christian Sewing,"Born: April 24, 1970 (age 49 years), Bünde, Germany', 'Education: Frankfurt School of Finance & Management (1992–1994), MORE"
239,Werner Baumann,"Born: October 6, 1962 (age 57 years), Krefeld, Germany', 'Children: 4', 'Predecessor: Marijn Dekkers', 'Education: University of Cologne, RWTH Aachen University"
240,,
241,Zhang Zhengao,Null
242,Hu Wenming,Null
243,Li Jianhong,"Born: March 13, 1975 (age 45 years), China', 'Genre: Alternative/Indie', 'Albums: Classic of the Mountains and Seas, 此刻,如同活人', 'Record labels: 摩登天空, P.S.F. Records, Nothing Out There, Tipped Bowler Tapes"
244,,
245,Andrew Stewart Mackenzie,"Born: December 20, 1956 (age 63 years), Scotland, United Kingdom', 'Thesis: Applications of biological marker compounds to subsurface geological processes (1981)', 'Award: Fellow of the Royal Society (2014)', 'Field: Petroleum', 'Children: two daughters', 'Education: University of Bristol, University of St Andrews"
246,Gregory A. Heckman,Null
247,Antoine Lissowski,Null
248,Wang Tingge,Null
249,Zhang Xiaolum,Null
250,Yu Dehui,Null
251,Yousef Abdullah Al-Benyan,Null
252,Martin Lundstedt,"Born: April 28, 1967 (age 52 years), Mariestad, Sweden', 'Education: Chalmers University of Technology"
253,Zhu Jiusheng,Null
254,Herman Gref,"Born: February 8, 1964 (age 56 years), Panfilovo, Kazakhstan', 'Spouse: Yana Gref (m. 2004)', 'Education: Saint Petersburg State University (1990–1993), MORE', 'Children: Oleg Gref', 'Nationality: Russian, German', 'Siblings: Yelena Peredriy, Yevgeniy Gref"
255,David I. McKay,"Born: Montreal, Canada', 'Spouse(s): Karen McKay', 'Children: 2', 'Title: CEO, Royal Bank of Canada', 'Education: Ivey Business School, John Rennie High School, University of Waterloo"
256,Doug Parker,"Born: 1961 (age 59 years)', 'Spouse: Gwen Parker', 'Children: 3', 'Predecessor: Bill Franke', 'Employer: American Airlines Group', 'Education: Vanderbilt University, Albion College, Owen Graduate School of Management"
257,Kuok Khoon Hong,"Born: 1951 (age 69 years), Singapore', 'Net worth: 2.3 billion USD (2020)', 'Parents: Kuok Hock Swee', 'Children: Kuok Meng Ru', 'Education: English College Johore Bahru, NUS Business School, Desautels Faculty of Management, McGill University', 'Organization founded: Wilmar International"
258,Syh-Jang Liao,Null
259,Ed Bastian,"Born: June 6, 1957 (age 62 years), Poughkeepsie, NY', 'Children: 4', 'Term: May 2, 2016 – present', 'Residence: Atlanta, GA', 'Board member of: Aeroméxico, Atlanta Committee for Progress, Metro Atlanta Chamber, The Woodruff Arts Center', 'Education: St. Bonaventure University, Our Lady of Lourdes High School"
260,,
261,Wang Xiaochu,Null
262,,
263,Tom Rutledge,Education: California University of Pennsylvania
264,Guenter Butschek,"Born: October 21, 1960 (age 59 years)"
265,Wolf-Henning Scheider,Null
266,,
267,Rubem de Freitas Novaes,Null
268,Stephen Squeri,"Born: 1955 (age 65 years)', 'Education: Manhattan College"
269,,
270,Marcelino Fernández Verdes,Null
271,Zhang Bo,"Born: August 29, 1982 (age 37 years), China', 'Education: Central Academy of Drama', 'Other name: Jaco Zhang', 'Movies: Falling Flowers, PK.COM.CN, Ip Man, Snow Blossom"
272,Sergio Ermotti,"Born: May 11, 1960 (age 59 years), Lugano, Switzerland', 'Spouse(s): Tina Ermotti', 'Children: 2', 'Education: University of Oxford', 'Predecessor: Oswald Grübel', 'Term: November 2011-"
273,,
274,,
275,,
276,David H. Long,"Born: 1961 (age 59 years), Liverpool, United Kingdom', 'Education: Hartwick College"
277,Xu Lirong,Null
278,,
279,Yang Zhaoqian,Null
280,Torsten Leue,Null
281,Zhou Qiang,"Born: April 25, 1960 (age 59 years), Huangmei County, Huanggang, China', 'Parents: Zhou Shanjiao', 'Education: Southwest University of Political Science & Law', 'Party: Communist Party of China"
282,Carsten Spohr,"Born: December 16, 1966 (age 53 years), Wanne-Eickel, Herne, Germany', 'Children: 2', 'Spouse: Vivian Spohr', 'Employer: Lufthansa', 'Education: Karlsruhe Institute of Technology, Airline Training Center Arizona, Lufthansa Flight Training"
283,Kenneth C. Frazier,"Born: December 17, 1954 (age 65 years), Philadelphia, PA', 'Spouse: Andrea Frazier', 'Education: Harvard Law School (1978), Penn State University (1975), Northeast High School, Harvard University', 'Children: Lauren Frazier, James Frazier', 'Parents: Clara Frazier, Otis Frazier"
284,Shu Yinbiao,"Born: 1958 (age 62 years)', 'Education: North China Electric Power University"
285,Martin Bouygues,"Born: May 3, 1952 (age 67 years), Suresnes, France', 'Net worth: $3.8 billion (jointly with brother Olivier, February 2015)', 'Education: Janson de Sailly School', 'Children: William Bouygues, Charlotte Bouygues, Édouard Bouygues', 'Parents: Francis Bouygues, Monique Bouygues', 'Siblings: Olivier Bouygues, Corinne Bouygues, Nicolas Bouygues"
286,Olivier Brandicourt,"Born: February 1956 (age 64 years), France', 'Education: Paris Descartes University"
287,,
288,,
289,Xu Xiaoxi,"Born: November 18, 1981 (age 38 years), Chengdu, China', 'Education: New York Film Academy | Battery Place, New York', 'Movies: Desire Street, Sunken Plum, Floating Melon, Mei Mei, MORE"
290,José Ignacio Sánchez Galán,"Born: September 30, 1950 (age 69 years), Villavieja de Yeltes, Spain', 'Education: EOI Business School, Comillas Pontifical University"
291,Oscar Munoz,"Born: January 1959 (age 61 years), California', 'Nationality: American', 'Net worth: US$26.9 million (March 2019)', 'Spouse(s): Cathy Munoz', 'Children: 4', 'Education: La Quinta High School, Marshall Business School, USC, University of Southern California, Pepperdine University"
292,Søren Skou,"Born: August 20, 1964 (age 55 years), Denmark', 'Spouse: Lene Buus Skou (m. 1988)', 'Education: IMD Business School, Copenhagen Business School"
293,Bharat Masrani,"Born: May 26, 1956 (age 63 years), Uganda', 'Nationality: Canadian', 'Education: Schulich School of Business (1979), York University (1978)"
294,Emma Walmsley,"Born: June 1969 (age 50 years), Barrow-in-Furness, United Kingdom', 'Spouse: David Owen (m. 1995)', 'Children: 4', ""Education: University of Oxford, St Swithun's School"", 'Parents: Robert Walmsley, Christina V Melvill', 'Board member of: Diageo, GlaxoSmithKline, Microsoft Corporation"
295,Roger W. Ferguson Jr.,"Born: October 28, 1951 (age 68 years), Washington, D.C.', 'Nationality: American', 'Spouse: Annette Nazareth', 'Education: Sidwell Friends School (1969), Harvard College, Harvard Law School, Harvard University, Pembroke College', 'Books: International Financial Stability, Banking, Financial, and Regulatory Reform"
296,Julie Sweet,"Nationality: American', 'Spouse: Chad Sweet (m. 2004)', 'Education: Claremont McKenna College"
297,Donald J. Walker,"Born: 1956 (age 64 years), Canada', 'Education: University of Waterloo', 'Spouse: Joan Kelley Walker (m. 2000), Belinda Stronach (m. 1990–1995)', 'Children: Frank Walker, Nikki Walker"
298,Takeshi Sugiyama,Null
299,Dr. Jing Zhang,"Address: 4771 Hylan Blvd, Staten Island, NY 10312', 'Phone: (718) 816-6440"
300,Ian McIntosh,"Genre: Pop', 'Music groups: Jesus Culture, Passion Conferences"
301,Jean-Sébastien Jacques,"Born: October 1971 (age 48 years), Orléans, France', 'Education: École Centrale Paris', 'Title: CEO, Rio Tinto Group"
302,Markus Mosa,Null
303,Pedro Guimarães,"Born: Rio de Janeiro, State of Rio de Janeiro, Brazil', 'Education: University of Rochester, PUC-Rio, Fundação Getúlio Vargas"
304,Noel White,"Born: December 16, 1929, Altrincham, United Kingdom', 'Died: June 30, 2019', 'Award: British Empire Medal"
305,Safra Catz,"Born: December 1, 1961 (age 58 years), Holon, Israel', 'Net worth: US$1.1 billion (2019)', 'Spouse: Gal Tirosh (m. 1997)', 'Education: Penn Law (1986), MORE', 'Children: Gary Tirosh, Scott Tirosh', 'Nationality: American, Israeli"
306,Thomas J. Wilson,"Born: 1958 (age 62 years), St. Clair Shores, MI', 'Net worth: US$85.2 million (2019)', 'Education: Kellogg School of Management, Northwestern University, University of Michigan, Lake Shore High School"
307,Michael J. Kasbar,Null
308,Ralph Hamers,"Born: 1966 (age 54 years), Simpelveld, Netherlands', 'Spouse: Patricia van Nimwegen (m. 1997)', 'Children: 2', 'Education: Tilburg University"
309,Iain Conn,"Born: October 22, 1962 (age 57 years), Edinburgh, United Kingdom', 'Spouse: Caroline Shorten Conn', 'Children: 3', 'Education: Loretto School Pinkie Campus, MORE"
310,Paul Fang,"Born: 1967 (age 53 years), Anhui, China', 'Net worth: 1.1 billion USD (2020)', 'Education: East China Normal University"
311,,
312,,
313,Carlo Messina,Null
314,Bhavesh V. Patel,Null
315,,
316,Li Xiyong,Null
317,Ryan Lance,"Born: Butte, MT', 'Education: Montana Tech (1984), Great Falls High School"
318,Jes Staley,"Born: December 27, 1956 (age 63 years), Boston, MA', 'Spouse: Debbie Staley', 'Education: Bowdoin College', 'Parents: Paul R. Staley', 'Children: Sophia Staley, Alexa Staley', 'Siblings: Peter Staley"
319,Mike Coupe,"Born: September 26, 1960 (age 59 years), Watford, United Kingdom', 'Spouse: Jill Parkinson (m. 1990)', 'Education: The Weald School, Billingshurst', 'Predecessor: Justin King"
320,Gao Hongwei,Null
321,,
322,Akio Negishi,Null
323,,
324,Guillaume Pepy,"Born: May 26, 1958 (age 61 years), Neuilly-sur-Seine, France', ""Education: École Nationale d'Administration (1984), École alsacienne, Sciences Po"""
325,Takeo Higuchi,Null
326,Peter Voser,"Born: August 29, 1958 (age 61 years), Baden, Switzerland', 'Spouse: Daniela Voser', 'Board member of: Roche Holding AG', 'Children: 3', 'Education: Zürcher Fachhochschule, IMD Business School, Zurich University of Applied Sciences"
327,John C. May,Null
328,Richard T. Hume,Null
329,André Desmarais,"Born: October 26, 1956 (age 63 years), Ottawa, Canada', 'Spouse: France Chrétien Desmarais', 'Education: Concordia University', 'Children: Olivier Desmarais', 'Parents: Paul Desmarais, Jacqueline Desmarais', 'Siblings: Paul Desmarais Jr., Louise Desmarais, Sophie Desmarais"
330,Christian Mumenthaler,"Born: June 21, 1969 (age 50 years)', 'Education: ETH Zürich"
331,Hou Enlong,Null
332,Seiji Izumisawa,Null
333,Seok-Hee Lee,Null
334,Eduardo de Salles Bartolomeo,Null
335,A. James Teague,Null
336,,
337,Kiyotaka Ise,Null
338,,
339,John Donahoe,"Born: April 30, 1960 (age 59 years), Evanston, IL', 'Nationality: American', 'Spouse: Eileen Donahoe', 'Children: 4', 'Education: Stanford Graduate School of Business, Dartmouth College, New Trier Township High School Winnetka', 'Board member of: Nike, ServiceNow, Bridgespan Group, PayPal"
340,,
341,Phebe Novakovic,"Born: 1957 (age 63 years), Pittsburgh, PA', 'Spouse: David Morrison', 'Education: Wharton School of the University of Pennsylvania, Smith College"
342,,
343,Fujio Mitarai,"Born: September 23, 1935 (age 84 years), Kamae, Ōita', 'Education: Chuo University', 'Children: Sayoko, Masanobu Mitarai"
344,,
345,,
346,Johannes Teyssen,"Born: October 9, 1959 (age 60 years), Hildesheim, Germany', 'Children: 4', 'Education: University of Göttingen"
347,,
348,Tatsufumi Sakai,Null
349,,
350,,
351,,
352,Shunichi Kito,Null
353,Matteo Del Fante,"Born: May 27, 1967 (age 52 years), Florence, Italy"
354,Koji Kakigi,Null
355,Toshihiro Suzuki,"Born: March 1959 (age 61 years), Shizuoka, Japan', 'Parents: Osamu Suzuki', 'Grandparent: Shunzo Suzuki"
356,Long Ziping,Null
357,Sun Yongcai,Null
358,Tidjane Thiam,"""Born: July 29, 1962 (age 57 years), Côte d'Ivoire"", 'Spouse: Annette Thiam', 'Children: 2', 'Education: INSEAD Europe Campus (1986–1988), MORE', ""Siblings: Abdel Aziz Thiam, Yamousso Thiam, Papa Ababakar Thiam, N'deye Anna Thiam, Daouda Thiam, Augustin Thiam"", 'Nationality: Ivorian, French"
359,Sun Jianfen,Null
360,Qian Zhimin,Null
361,C. C. Wei,"Born: July 12, 1914, Shengzhou, Shaoxing, China', 'Died: February 20, 1987, Broadway, NY', 'Books: Bidding Precisely, The precision bidding system in bridge, MORE"
362,,
363,Barry Lam,"Born: April 24, 1949 (age 70 years), Shanghai, China', 'Net worth: 4.1 billion USD (2020)', 'Spouse: He Sha', 'Children: Sam Lam, Lam Yu-Hsuan', 'Organizations founded: Quanta Computer, Kinpo Electronics, Inc., Quanta Arts Foundation"
364,Wilfred C.W. Chiang,Null
365,Gong Yande,Null
366,Lin Tengjiao,Null
367,Wang Yongqian,Null
368,Xiong Qun Li,Null
369,Nobuaki Kurumatani,Null
370,Michael A. Wells,"Born: April 9, 1960 (age 59 years), Canada', 'Alma mater: San Diego State University', 'Predecessor: Tidjane Thiam', 'Children: 2', 'Spouse(s): married"
371,Matt Comyn,"Employer: Commonwealth Bank', 'Education: The University of Sydney, Sydney Boys High School"
372,Masaaki Tsuya,"Born: June 22, 1952 (age 67 years), Tokyo, Japan', 'Education: Hitotsubashi University"
373,Rui Xiaowu,Null
374,Sae-Hong Huh,Null
375,Kengo Sakurada,Null
376,Masahiro Hashimoto,Null
377,Olivier Le Peuch,"Born: France', 'Predecessor: Paal Kibsgaard', 'Board member of: Schlumberger', 'Education: École nationale supérieure d’électronique, informatique, télécommunications, mathématique et mécanique de Bordeaux, MORE"
378,Michael F. Roman,Null
379,Richard A. Gonzalez,"Born: January 21, 1954 (age 66 years)', 'Nationality: American', 'Education: University of Houston"
380,Evan G. Greenberg,"Born: 1955 (age 65 years), United States', 'Education: カレッジ・オブ・インシュアランス, New York University', 'Books: Reinvigorating U.S. Economic Strategy in the Asia Pacific: Recommendations for the Incoming Administration', 'Siblings: Jeffrey W. Greenberg, Cathleen Greenberg, Scott Greenberg', 'Parents: Maurice R. Greenberg, Corinne Phyllis Zuckerman', 'Grandparents: Jacob Greenberg, Ada Rheingold"
381,Jay D. Debertin,Null
382,Jack Bowles,"Born: France', 'Predecessor: Nicandro Durante', 'Board member of: British American Tobacco"
383,,
384,Wen Shugang,Null
385,Richard Fairbank,"Born: September 18, 1950 (age 69 years), California', 'Height: 5′ 7″', 'Net worth: US$1.1 billion (January 2018)', 'Spouse: Chris Fairbank', 'Children: 8', 'Education: Stanford University, Stanford Graduate School of Business"
386,Ng Keng Hooi,Null
387,Akira Marumoto,Null
388,,
389,Tricia Griffith,"Born: October 1964 (age 55 years), Illinois', 'Education: Illinois State University', 'Employer: Progressive Corporation (CEO, president)"
390,Cornelius Riese /Uwe Fr_hlich,Null
391,Chung-Kook Park,Null
392,Shun-Chin Lee,Null
393,James Quincey,"Born: January 8, 1965 (age 55 years), London, United Kingdom', 'Nationality: British', 'Children: 2', 'Spouse: Jacqui Quincey', 'Predecessor: Muhtar Kent', ""Education: King Edward's School, University of Liverpool"""
394,Jean Paul Agon,"Born: July 6, 1956 (age 63 years), Boulogne-Billancourt, France', 'Spouse: Sophie Agon', 'Education: HEC Paris"
395,Albert Manifold,"Born: August 1962 (age 57 years)', 'Term: January 2014-', 'Predecessor: Myles Lee"
396,,
397,,
398,,
399,Benjamin M. Smith,Null
400,Zhang Gongyan,Null
401,Dominic Blakemore,"Born: June 1969 (age 50 years)', 'Education: University College London', 'Predecessor: Richard J. Cousins', 'Term: 2018"
402,Antonio Neri,"Born: May 10, 1967 (age 52 years), Argentina', 'Nationality: American', 'Education: National Technological University', 'Board member of: Hewlett Packard Enterprise', 'Predecessor: Meg Whitman', 'Residence: Livermore, CA, Delray Beach, FL"
403,Philip Jansen,"Born: January 28, 1967 (age 53 years), United Kingdom', 'Children: 5', 'Education: Cardiff University', 'Predecessor: Gavin Patterson"
404,Pablo Isla,"Born: January 22, 1964 (age 56 years), Madrid, Spain', 'Spouse: Maria de la Vega', 'Children: Cecilia Isla, Santiago Isla, Belén Isla', 'Education: Complutense University of Madrid, Our Lady of Remembrance College, Madrid', 'Parents: José María Isla, Carmen Álvarez de Tejera', 'Siblings: Fernando Isla Álvarez de Tejera"
405,Antoine Frérot,"Born: June 3, 1958 (age 61 years), Fontainebleau, France', 'Books: Water: Towards a Culture of Responsibility', 'Education: École des ponts ParisTech, École Polytechnique', 'Awards: Legion of Honour"
406,Miles D. White,"Born: 1955 (age 65 years), Minneapolis, MN', 'Education: Stanford Graduate School of Business (1980), Stanford University (1978), Culver Academies"
407,Sanjay Mehrotra,"Born: June 27, 1958 (age 61 years), Kanpur, India', 'Spouse: Sangeeta Mehrotra', 'Education: University of California, Berkeley', 'Founded: SanDisk', 'Children: Mahncy Mehrotra, Malika Mehrotra"
408,Daniel Obajtek,"Born: January 2, 1976 (age 44 years), Myslenice, Poland', 'Party: Law and Justice', 'Education: Private College of Environmental Protection (2014), Gdańska Fundacja Kształcenia Menedżerów', 'Siblings: Bartłomiej Obajtek"
409,Jean-Pascal Tricoire,"Born: November 5, 1963 (age 56 years), Beaupréau', 'Education: ESEO, Emlyon Business School"
410,Oliver Windholz,Null
411,Alan D. Schnitzer,"Born: 1965 (age 55 years), United States', 'Spouse: Anne Rose Berman', 'Education: Wharton School of the University of Pennsylvania, Columbia Law School"
412,Dong Mingzhu,"Born: August 1954 (age 65 years), Nanjing, China', 'Residence: Zhuhai, China', 'Predecessor: Zhu Jianghong', 'Title: Chairman of the board of Gree Electric', 'Children: 1 son', 'Education: Zhongnan University of Economics and Law, MORE"
413,Joos Sutter,Null
414,Kathy J. Warden,"Title: Chief Executive Officer and President of Northrop Grumman', 'Board member of: Federal Reserve Bank of Richmond, Northrop Grumman, Wolf Trap National Park for the Performing Arts', 'Education: James Madison University, Smithsburg High School, The George Washington University"
415,Mark S. Little,Null
416,,
417,Omar Ishrak,"Born: 1956 (age 64 years), Bangladesh', ""Education: King's College London, সেন্ট যোসেফ উচ্চ মাধ্যমিক বিদ্যালয়"""
418,Shigeki Iwane,Null
419,,
420,André Calantzopoulos,"Born: 1958 (age 62 years), Archaeological Site of Olympia, Greece', 'Education: INSEAD Europe Campus, Swiss Federal Institute of Technology Lausanne"
421,Levent Çakıroğlu (Levent Cakiroglu),"Born: 1967 (age 53 years), Ankara, Turkey', 'Education: Ankara University Faculty of Political Science - Civil (1988), University of Illinois at Urbana-Champaign"
422,Simon Lin,Null
423,Jean Pierre Mustier,"Born: January 18, 1961 (age 59 years), Chamalières, France"
424,Sung-Chul Hyun,Null
425,Bill McDermott,"Born: August 18, 1961 (age 58 years), Flushing, New York, NY', 'Spouse: Julie McDermott', 'Children: 2', 'Books: Winners Dream: A Journey from Corner Store to Corner Office', 'Education: Dowling College, University of Pennsylvania, MORE', 'Parents: Bill McDermott, Kathleen McDermott"
426,Philippe Wahl,"Born: March 11, 1956 (age 64 years), Sarralbe, France', ""Education: École Nationale d'Administration, Sciences Po, Pantheon-Sorbonne University"", 'Parents: Adrien Wahl, Georgette Meyer"
427,,
428,Francisco Reynés Massanet,Null
429,Fabrice Zumbrunnen,Null
430,Emmanuel Faber,"Born: January 22, 1964 (age 56 years), Grenoble, France', 'Education: HEC Paris"
431,,
432,Jong Kyoo Yoon,Null
433,William M. Walsh,"Born: October 25, 1961 (age 58 years), Dublin, Ireland', 'Education: Trinity College Dublin, Ardscoil Rís, Dublin"
434,Shuichi Watanabe,Null
435,Masayoshi Matsumoto,Null
436,Chen Feihu,Null
437,Shang Jiqiang,Null
438,Tomomi Nakamura,Null
439,Gao Dengbang,Null
440,Zhao Ziliang,Null
441,,
442,Jung-Suk Koh /Young-Ho Lee,Null
443,Alain Dehaze,"Born: 1963 (age 57 years)', 'Education: ICHEC Brussels Management School"
444,Jacques van den Broek,"Born: May 24, 1960 (age 59 years), Goes, Netherlands', 'Education: Tilburg University"
445,,
446,Liang Haishan,Null
447,"""O'Connor Sean M""","Address: 767 5th Ave # Conc1, New York, NY 10153', 'Phone: (212) 310-8000"
448,Mark Cutifani,"Born: May 2, 1958 (age 61 years), Wollongong, Australia', 'Term: 2013–present', 'Education: University of Wollongong', 'Predecessor: Cynthia Carroll"
449,,
450,Antonio Huertas,"Born: January 18, 1964 (age 56 years), Villanueva de la Serena, Spain', 'Education: University of Salamanca"
451,Satoru Katsuno,Null
452,Thomas J. Nimbley,Null
453,Ming-Ho Hsiung,Null
454,Vincent Bolloré,"Born: April 1, 1952 (age 67 years), Boulogne-Billancourt, France', 'Nationality: French', 'Spouse(s): Anaïs Jeanneret', 'Net worth: 4 billion USD (2020)', 'Children: Yannick Bolloré, Cyrille Bollore, Marie Bollore, Sébastien Bollore, Cyrille Bolloré', 'Education: Paris Nanterre University, Janson de Sailly School"
455,Shayne Elliott,"Born: New Zealand', 'Spouse: Najla Elliott', 'Education: The University of Auckland, Waitakere College"
456,Yuki Fukasawa,Null
457,Rainer Seele,Null
458,Thomas A. Kennedy,"Born: 1955 (age 65 years), United States', 'Alma maters: Rutgers University, Air Force Institute of Technology, University of California, Los Angeles"
459,Gong Huadong,Null
460,,
461,Kyung-Shik Sohn /Keun-Hee Park,Null
462,Guo Jingang,Null
463,Wang Maosheng,Null
464,Rajeev Suri,"Born: October 10, 1967 (age 52 years), New Delhi, India', 'Nationality: Singaporean', 'Spouse: Nina Suri (m. 1992)', 'Education: Manipal Institute of Technology (1989), Manipal Academy of Higher Education, Mangalore University', 'Parents: Asha Suri, Yashpal Suri', 'Children: Anish Suri, Ankit Suri"
465,Jean-François van Boxmeer,"Born: September 12, 1961 (age 58 years), Ixelles, Belgium', 'Education: University of Namur', 'Board member of: Mondelez International, Heineken N.V."
466,Lei Jun,"Born: December 16, 1969 (age 50 years), Xiantao, China', 'Nationality: Chinese', 'Net worth: 10.3 billion USD (2020)', 'Spouse: Zhang Tong', 'Children: 2', 'Education: Wuhan University (1987–1991), Hubei Xiantao Middle School (1984–1987)"
467,Zhai Hong,Null
468,Takashi Niino,Null
469,Richard M. Tsai,Null
470,Miguel Patricio,"Nationality: Portuguese', 'Predecessor: Bernard Hees"
471,,
472,Revathi Advaithi,Null
473,,
474,Ahmed bin Saeed Al Maktoum,"Born: December 1, 1958 (age 61 years), Dubai, United Arab Emirates', 'Net worth: US$37.8 billion (2018)', 'Spouse: Mona bint Obaid bin Thani Al Maktoum (m. 2008)', 'House: Al Maktoum', 'Parents: Saeed bin Maktoum bin Hasher Al Maktoum, Sheikha Fatima bint Ahmed bin Suliman', 'Children: Saeed bin Ahmed bin Saeed Al Maktoum"
475,Jörn H. Werner,Null
476,Florent Menrgaux,Null
477,Philip W. Chronican,Null
478,Dirk Van de Put,"Born: 1959 (age 61 years), Mechelen, Belgium', 'Predecessor: Irene Rosenfeld', 'Education: Ghent University, University of Antwerp"
479,Kasper Rørsted,"Born: February 24, 1962 (age 58 years), Aarhus, Denmark', 'Nationality: Danish', 'Spouse: Lene Rørsted', 'Education: Harvard Business School (2007–2007), MORE', 'Parents: Bendt Rørsted, Judith Kildeberg Rørsted"
480,Li Hongshuang,Null
481,Wiebe Draijer,"Born: August 27, 1965 (age 54 years), Enschede, Netherlands', 'Education: Delft University of Technology (TU Delft)"
482,Liu Yinzhi,Null
483,Xu Xianping,"Born: October 1954 (age 65 years), Longhui County, Shaoyang, China', 'Party: Communist Party of China"
484,,
485,,
486,Miguel Eduardo Padilla Silva,Null
487,,
488,H.C. Shin,Null
489,Gerald W. Schwartz,"Born: November 24, 1941 (age 78 years), Winnipeg, Canada', 'Net worth: 1.2 billion USD (2020)', 'Children: 4', 'Spouse: Heather Reisman (m. 1982)', 'Education: Harvard University, University of Manitoba, Kelvin High School', 'Organizations founded: Onex Corporation, HESEG Foundation, Canwest, Cineplex Entertainment"
490,Bao Lang Chen,Null
491,Philippe Petitcolin,"Born: September 28, 1952 (age 67 years), Bannoncourt, France', 'Education: Centre de perfectionnement aux affaires', 'Board member of: Safran, GIFAS, Belcan"
492,Willem A.J. van Duin,Null
493,Rajesh J. Mehta,Null
494,Leon J. Topalian,Null
495,Darryl White,"Education: Ivey Business School, Western University"
496,Chen Dongsheng,"Born: December 17, 1957 (age 62 years)', 'Net worth: 4.9 billion USD (2020)', 'Organization founded: Taikang Life Insurance"
497,Frederico Pinheiro Fleury Curado,Null
498,Benoît Potier,"Born: 1957 (age 63 years), Mulhouse, France', 'Education: Lycée privé Sainte-Geneviève, École Centrale Paris"
